onset	duration	trial_type	value	sample
0.2	1.2	NonTarget	1	50
1.648	1.2	NonTarget	1	412
3.096	1.2	NonTarget	1	774
4.544	1.2	NonTarget	1	1136
5.992	1.2	NonTarget	1	1498
7.44	1.2	NonTarget	1	1860
8.888	1.2	Target	2	2222
10.336	1.2	NonTarget	1	2584
11.784	1.2	NonTarget	1	2946
13.232	1.2	Target	2	3308
14.68	1.2	NonTarget	1	3670
16.128	1.2	NonTarget	1	4032
17.576	1.2	NonTarget	1	4394
19.024	1.2	NonTarget	1	4756
20.472	1.2	NonTarget	1	5118
21.92	1.2	NonTarget	1	5480
23.368	1.2	NonTarget	1	5842
24.816	1.2	Target	2	6204
26.264	1.2	NonTarget	1	6566
27.712	1.2	NonTarget	1	6928
29.16	1.2	NonTarget	1	7290
30.608	1.2	NonTarget	1	7652
32.056	1.2	NonTarget	1	8014
33.504	1.2	NonTarget	1	8376
34.952	1.2	NonTarget	1	8738
36.4	1.2	NonTarget	1	9100
37.848	1.2	NonTarget	1	9462
39.296	1.2	NonTarget	1	9824
40.744	1.2	NonTarget	1	10186
42.192	1.2	Target	2	10548
43.64	1.2	NonTarget	1	10910
45.088	1.2	NonTarget	1	11272
46.536	1.2	NonTarget	1	11634
47.984	1.2	NonTarget	1	11996
49.432	1.2	NonTarget	1	12358
50.88	1.2	Target	2	12720
52.328	1.2	NonTarget	1	13082
53.776	1.2	NonTarget	1	13444
55.224	1.2	NonTarget	1	13806
56.672	1.2	NonTarget	1	14168
58.12	1.2	NonTarget	1	14530
59.568	1.2	NonTarget	1	14892
61.016	1.2	NonTarget	1	15254
62.464	1.2	NonTarget	1	15616
63.912	1.2	NonTarget	1	15978
65.36	1.2	NonTarget	1	16340
66.808	1.2	Target	2	16702
68.256	1.2	NonTarget	1	17064
69.704	1.2	NonTarget	1	17426
71.152	1.2	NonTarget	1	17788
72.6	1.2	Target	2	18150
74.048	1.2	NonTarget	1	18512
75.496	1.2	NonTarget	1	18874
76.944	1.2	NonTarget	1	19236
78.392	1.2	NonTarget	1	19598
79.84	1.2	NonTarget	1	19960
81.288	1.2	NonTarget	1	20322
82.736	1.2	NonTarget	1	20684
84.184	1.2	NonTarget	1	21046
85.632	1.2	NonTarget	1	21408
87.08	1.2	NonTarget	1	21770
88.528	1.2	NonTarget	1	22132
89.976	1.2	Target	2	22494
91.424	1.2	NonTarget	1	22856
92.872	1.2	NonTarget	1	23218
94.32	1.2	Target	2	23580
95.768	1.2	NonTarget	1	23942
97.216	1.2	NonTarget	1	24304
98.664	1.2	NonTarget	1	24666
100.112	1.2	NonTarget	1	25028
101.56	1.2	NonTarget	1	25390
103.008	1.2	NonTarget	1	25752
104.456	1.2	NonTarget	1	26114
105.904	1.2	NonTarget	1	26476
107.352	1.2	NonTarget	1	26838
108.8	1.2	NonTarget	1	27200
110.248	1.2	NonTarget	1	27562
111.696	1.2	NonTarget	1	27924
113.144	1.2	NonTarget	1	28286
114.592	1.2	Target	2	28648
116.04	1.2	NonTarget	1	29010
117.488	1.2	NonTarget	1	29372
118.936	1.2	NonTarget	1	29734
120.384	1.2	NonTarget	1	30096
121.832	1.2	NonTarget	1	30458
123.28	1.2	Target	2	30820
124.728	1.2	NonTarget	1	31182
126.176	1.2	NonTarget	1	31544
127.624	1.2	NonTarget	1	31906
129.072	1.2	NonTarget	1	32268
130.52	1.2	NonTarget	1	32630
131.968	1.2	NonTarget	1	32992
133.416	1.2	NonTarget	1	33354
134.864	1.2	NonTarget	1	33716
136.312	1.2	NonTarget	1	34078
137.76	1.2	Target	2	34440
139.208	1.2	NonTarget	1	34802
140.656	1.2	NonTarget	1	35164
142.104	1.2	NonTarget	1	35526
143.552	1.2	Target	2	35888
145.0	1.2	NonTarget	1	36250
146.448	1.2	NonTarget	1	36612
147.896	1.2	NonTarget	1	36974
149.344	1.2	NonTarget	1	37336
150.792	1.2	NonTarget	1	37698
152.24	1.2	Target	2	38060
153.688	1.2	NonTarget	1	38422
155.136	1.2	NonTarget	1	38784
156.584	1.2	NonTarget	1	39146
158.032	1.2	NonTarget	1	39508
159.48	1.2	NonTarget	1	39870
160.928	1.2	NonTarget	1	40232
162.376	1.2	NonTarget	1	40594
163.824	1.2	NonTarget	1	40956
165.272	1.2	NonTarget	1	41318
166.72	1.2	NonTarget	1	41680
168.168	1.2	NonTarget	1	42042
169.616	1.2	Target	2	42404
171.064	1.2	NonTarget	1	42766
172.512	1.2	NonTarget	1	43128
173.96	1.2	NonTarget	1	43490
175.408	1.2	NonTarget	1	43852
176.856	1.2	NonTarget	1	44214
178.304	1.2	NonTarget	1	44576
179.752	1.2	NonTarget	1	44938
181.2	1.2	NonTarget	1	45300
182.648	1.2	NonTarget	1	45662
184.096	1.2	Target	2	46024
185.544	1.2	NonTarget	1	46386
186.992	1.2	NonTarget	1	46748
188.44	1.2	NonTarget	1	47110
189.888	1.2	NonTarget	1	47472
191.336	1.2	Target	2	47834
192.784	1.2	NonTarget	1	48196
194.232	1.2	NonTarget	1	48558
195.68	1.2	NonTarget	1	48920
197.128	1.2	NonTarget	1	49282
198.576	1.2	Target	2	49644
200.024	1.2	NonTarget	1	50006
201.472	1.2	NonTarget	1	50368
202.92	1.2	NonTarget	1	50730
204.368	1.2	NonTarget	1	51092
205.816	1.2	NonTarget	1	51454
207.264	1.2	NonTarget	1	51816
208.712	1.2	NonTarget	1	52178
210.16	1.2	NonTarget	1	52540
211.608	1.2	NonTarget	1	52902
213.056	1.2	NonTarget	1	53264
214.504	1.2	Target	2	53626
215.952	1.2	NonTarget	1	53988
217.4	1.2	NonTarget	1	54350
218.848	1.2	NonTarget	1	54712
220.296	1.2	NonTarget	1	55074
221.744	1.2	NonTarget	1	55436
223.192	1.2	NonTarget	1	55798
224.64	1.2	Target	2	56160
226.088	1.2	NonTarget	1	56522
227.536	1.2	NonTarget	1	56884
228.984	1.2	NonTarget	1	57246
230.432	1.2	NonTarget	1	57608
231.88	1.2	NonTarget	1	57970
233.328	1.2	NonTarget	1	58332
234.776	1.2	NonTarget	1	58694
236.224	1.2	Target	2	59056
237.672	1.2	NonTarget	1	59418
239.12	1.2	NonTarget	1	59780
240.568	1.2	NonTarget	1	60142
242.016	1.2	NonTarget	1	60504
243.464	1.2	NonTarget	1	60866
244.912	1.2	NonTarget	1	61228
246.36	1.2	Target	2	61590
247.808	1.2	NonTarget	1	61952
249.256	1.2	NonTarget	1	62314
250.704	1.2	NonTarget	1	62676
252.152	1.2	NonTarget	1	63038
253.6	1.2	NonTarget	1	63400
255.048	1.2	NonTarget	1	63762
256.496	1.2	Target	2	64124
257.944	1.2	NonTarget	1	64486
259.392	1.2	NonTarget	1	64848
260.84	1.2	NonTarget	1	65210
262.288	1.2	NonTarget	1	65572
263.736	1.2	NonTarget	1	65934
265.184	1.2	NonTarget	1	66296
266.632	1.2	NonTarget	1	66658
268.08	1.2	NonTarget	1	67020
269.528	1.2	NonTarget	1	67382
270.976	1.2	NonTarget	1	67744
272.424	1.2	NonTarget	1	68106
273.872	1.2	NonTarget	1	68468
275.32	1.2	NonTarget	1	68830
276.768	1.2	Target	2	69192
278.216	1.2	NonTarget	1	69554
279.664	1.2	NonTarget	1	69916
281.112	1.2	NonTarget	1	70278
282.56	1.2	NonTarget	1	70640
284.008	1.2	Target	2	71002
285.456	1.2	NonTarget	1	71364
286.904	1.2	NonTarget	1	71726
288.352	1.2	NonTarget	1	72088
289.8	1.2	NonTarget	1	72450
291.248	1.2	NonTarget	1	72812
292.696	1.2	NonTarget	1	73174
294.144	1.2	NonTarget	1	73536
295.592	1.2	Target	2	73898
297.04	1.2	NonTarget	1	74260
298.488	1.2	NonTarget	1	74622
299.936	1.2	NonTarget	1	74984
301.384	1.2	NonTarget	1	75346
302.832	1.2	NonTarget	1	75708
304.28	1.2	NonTarget	1	76070
305.728	1.2	NonTarget	1	76432
307.176	1.2	NonTarget	1	76794
308.624	1.2	NonTarget	1	77156
310.072	1.2	NonTarget	1	77518
311.52	1.2	Target	2	77880
312.968	1.2	NonTarget	1	78242
314.416	1.2	NonTarget	1	78604
315.864	1.2	NonTarget	1	78966
317.312	1.2	NonTarget	1	79328
318.76	1.2	Target	2	79690
320.208	1.2	NonTarget	1	80052
321.656	1.2	NonTarget	1	80414
323.104	1.2	NonTarget	1	80776
324.552	1.2	NonTarget	1	81138
326.0	1.2	NonTarget	1	81500
327.448	1.2	NonTarget	1	81862
328.896	1.2	NonTarget	1	82224
330.344	1.2	NonTarget	1	82586
331.792	1.2	NonTarget	1	82948
333.24	1.2	Target	2	83310
334.688	1.2	NonTarget	1	83672
336.136	1.2	NonTarget	1	84034
337.584	1.2	NonTarget	1	84396
339.032	1.2	NonTarget	1	84758
340.48	1.2	Target	2	85120
341.928	1.2	NonTarget	1	85482
343.376	1.2	NonTarget	1	85844
344.824	1.2	NonTarget	1	86206
346.272	1.2	NonTarget	1	86568
347.72	1.2	NonTarget	1	86930
349.168	1.2	NonTarget	1	87292
350.616	1.2	NonTarget	1	87654
352.064	1.2	NonTarget	1	88016
353.512	1.2	NonTarget	1	88378
354.96	1.2	NonTarget	1	88740
356.408	1.2	Target	2	89102
357.856	1.2	NonTarget	1	89464
359.304	1.2	Target	2	89826
360.752	1.2	NonTarget	1	90188
362.2	1.2	NonTarget	1	90550
363.648	1.2	NonTarget	1	90912
365.096	1.2	NonTarget	1	91274
366.544	1.2	NonTarget	1	91636
367.992	1.2	NonTarget	1	91998
369.44	1.2	NonTarget	1	92360
370.888	1.2	NonTarget	1	92722
372.336	1.2	NonTarget	1	93084
373.784	1.2	NonTarget	1	93446
375.232	1.2	NonTarget	1	93808
376.68	1.2	NonTarget	1	94170
378.128	1.2	NonTarget	1	94532
379.576	1.2	Target	2	94894
381.024	1.2	NonTarget	1	95256
382.472	1.2	Target	2	95618
383.92	1.2	NonTarget	1	95980
385.368	1.2	NonTarget	1	96342
386.816	1.2	NonTarget	1	96704
388.264	1.2	NonTarget	1	97066
389.712	1.2	NonTarget	1	97428
391.16	1.2	NonTarget	1	97790
392.608	1.2	NonTarget	1	98152
394.056	1.2	NonTarget	1	98514
395.504	1.2	NonTarget	1	98876
396.952	1.2	NonTarget	1	99238
398.4	1.2	NonTarget	1	99600
399.848	1.2	NonTarget	1	99962
401.296	1.2	Target	2	100324
402.744	1.2	NonTarget	1	100686
404.192	1.2	NonTarget	1	101048
405.64	1.2	NonTarget	1	101410
407.088	1.2	NonTarget	1	101772
408.536	1.2	NonTarget	1	102134
409.984	1.2	NonTarget	1	102496
411.432	1.2	NonTarget	1	102858
412.88	1.2	NonTarget	1	103220
414.328	1.2	Target	2	103582
415.776	1.2	NonTarget	1	103944
417.224	1.2	NonTarget	1	104306
418.672	1.2	NonTarget	1	104668
420.12	1.2	NonTarget	1	105030
421.568	1.2	Target	2	105392
423.016	1.2	NonTarget	1	105754
424.464	1.2	NonTarget	1	106116
425.912	1.2	NonTarget	1	106478
427.36	1.2	NonTarget	1	106840
428.808	1.2	NonTarget	1	107202
430.256	1.2	NonTarget	1	107564
431.704	1.2	NonTarget	1	107926
433.152	1.2	NonTarget	1	108288
434.6	1.2	NonTarget	1	108650
436.048	1.2	NonTarget	1	109012
437.496	1.2	Target	2	109374
438.944	1.2	NonTarget	1	109736
440.392	1.2	NonTarget	1	110098
441.84	1.2	NonTarget	1	110460
443.288	1.2	NonTarget	1	110822
444.736	1.2	Target	2	111184
446.184	1.2	NonTarget	1	111546
447.632	1.2	NonTarget	1	111908
449.08	1.2	NonTarget	1	112270
450.528	1.2	NonTarget	1	112632
451.976	1.2	Target	2	112994
453.424	1.2	NonTarget	1	113356
454.872	1.2	NonTarget	1	113718
456.32	1.2	NonTarget	1	114080
457.768	1.2	NonTarget	1	114442
459.216	1.2	NonTarget	1	114804
460.664	1.2	NonTarget	1	115166
462.112	1.2	NonTarget	1	115528
463.56	1.2	Target	2	115890
465.008	1.2	NonTarget	1	116252
466.456	1.2	NonTarget	1	116614
467.904	1.2	NonTarget	1	116976
469.352	1.2	NonTarget	1	117338
470.8	1.2	NonTarget	1	117700
472.248	1.2	NonTarget	1	118062
473.696	1.2	NonTarget	1	118424
475.144	1.2	Target	2	118786
476.592	1.2	NonTarget	1	119148
478.04	1.2	NonTarget	1	119510
479.488	1.2	NonTarget	1	119872
480.936	1.2	NonTarget	1	120234
482.384	1.2	NonTarget	1	120596
483.832	1.2	NonTarget	1	120958
485.28	1.2	NonTarget	1	121320
486.728	1.2	NonTarget	1	121682
488.176	1.2	NonTarget	1	122044
489.624	1.2	Target	2	122406
491.072	1.2	NonTarget	1	122768
492.52	1.2	NonTarget	1	123130
493.968	1.2	NonTarget	1	123492
495.416	1.2	NonTarget	1	123854
496.864	1.2	NonTarget	1	124216
498.312	1.2	NonTarget	1	124578
499.76	1.2	NonTarget	1	124940
501.208	1.2	Target	2	125302
502.656	1.2	NonTarget	1	125664
504.104	1.2	NonTarget	1	126026
505.552	1.2	NonTarget	1	126388
507.0	1.2	NonTarget	1	126750
508.448	1.2	NonTarget	1	127112
509.896	1.2	NonTarget	1	127474
511.344	1.2	NonTarget	1	127836
512.792	1.2	NonTarget	1	128198
514.24	1.2	Target	2	128560
515.688	1.2	NonTarget	1	128922
517.136	1.2	NonTarget	1	129284
518.584	1.2	NonTarget	1	129646
520.032	1.2	NonTarget	1	130008
521.48	1.2	NonTarget	1	130370
522.928	1.2	Target	2	130732
524.376	1.2	NonTarget	1	131094
525.824	1.2	NonTarget	1	131456
527.272	1.2	NonTarget	1	131818
528.72	1.2	NonTarget	1	132180
530.168	1.2	NonTarget	1	132542
531.616	1.2	NonTarget	1	132904
533.064	1.2	NonTarget	1	133266
534.512	1.2	NonTarget	1	133628
535.96	1.2	NonTarget	1	133990
537.408	1.2	NonTarget	1	134352
538.856	1.2	NonTarget	1	134714
540.304	1.2	Target	2	135076
541.752	1.2	NonTarget	1	135438
543.2	1.2	NonTarget	1	135800
544.648	1.2	NonTarget	1	136162
546.096	1.2	NonTarget	1	136524
547.544	1.2	NonTarget	1	136886
548.992	1.2	NonTarget	1	137248
550.44	1.2	Target	2	137610
551.888	1.2	NonTarget	1	137972
553.336	1.2	NonTarget	1	138334
554.784	1.2	NonTarget	1	138696
556.232	1.2	NonTarget	1	139058
557.68	1.2	NonTarget	1	139420
559.128	1.2	NonTarget	1	139782
560.576	1.2	Target	2	140144
562.024	1.2	NonTarget	1	140506
563.472	1.2	NonTarget	1	140868
564.92	1.2	NonTarget	1	141230
566.368	1.2	NonTarget	1	141592
567.816	1.2	NonTarget	1	141954
569.264	1.2	NonTarget	1	142316
570.712	1.2	NonTarget	1	142678
572.16	1.2	NonTarget	1	143040
573.608	1.2	NonTarget	1	143402
575.056	1.2	NonTarget	1	143764
576.504	1.2	Target	2	144126
577.952	1.2	NonTarget	1	144488
579.4	1.2	NonTarget	1	144850
580.848	1.2	NonTarget	1	145212
582.296	1.2	NonTarget	1	145574
583.744	1.2	NonTarget	1	145936
585.192	1.2	Target	2	146298
586.64	1.2	NonTarget	1	146660
588.088	1.2	NonTarget	1	147022
589.536	1.2	NonTarget	1	147384
590.984	1.2	NonTarget	1	147746
592.432	1.2	NonTarget	1	148108
593.88	1.2	NonTarget	1	148470
595.328	1.2	NonTarget	1	148832
596.776	1.2	Target	2	149194
598.224	1.2	NonTarget	1	149556
599.672	1.2	NonTarget	1	149918
601.12	1.2	NonTarget	1	150280
602.568	1.2	Target	2	150642
604.016	1.2	NonTarget	1	151004
605.464	1.2	NonTarget	1	151366
606.912	1.2	NonTarget	1	151728
608.36	1.2	NonTarget	1	152090
609.808	1.2	NonTarget	1	152452
611.256	1.2	NonTarget	1	152814
612.704	1.2	NonTarget	1	153176
614.152	1.2	NonTarget	1	153538
615.6	1.2	NonTarget	1	153900
617.048	1.2	NonTarget	1	154262
618.496	1.2	NonTarget	1	154624
619.944	1.2	Target	2	154986
621.392	1.2	NonTarget	1	155348
622.84	1.2	NonTarget	1	155710
624.288	1.2	NonTarget	1	156072
625.736	1.2	NonTarget	1	156434
627.184	1.2	NonTarget	1	156796
628.632	1.2	NonTarget	1	157158
630.08	1.2	NonTarget	1	157520
631.528	1.2	NonTarget	1	157882
632.976	1.2	NonTarget	1	158244
634.424	1.2	Target	2	158606
635.872	1.2	NonTarget	1	158968
637.32	1.2	NonTarget	1	159330
638.768	1.2	NonTarget	1	159692
640.216	1.2	NonTarget	1	160054
641.664	1.2	NonTarget	1	160416
643.112	1.2	Target	2	160778
644.56	1.2	NonTarget	1	161140
646.008	1.2	NonTarget	1	161502
647.456	1.2	NonTarget	1	161864
648.904	1.2	NonTarget	1	162226
650.352	1.2	Target	2	162588
651.8	1.2	NonTarget	1	162950
653.248	1.2	NonTarget	1	163312
654.696	1.2	NonTarget	1	163674
656.144	1.2	NonTarget	1	164036
657.592	1.2	NonTarget	1	164398
659.04	1.2	NonTarget	1	164760
660.488	1.2	NonTarget	1	165122
661.936	1.2	NonTarget	1	165484
663.384	1.2	NonTarget	1	165846
664.832	1.2	NonTarget	1	166208
666.28	1.2	NonTarget	1	166570
667.728	1.2	Target	2	166932
669.176	1.2	NonTarget	1	167294
670.624	1.2	NonTarget	1	167656
672.072	1.2	NonTarget	1	168018
673.52	1.2	NonTarget	1	168380
674.968	1.2	NonTarget	1	168742
676.416	1.2	Target	2	169104
677.864	1.2	NonTarget	1	169466
679.312	1.2	NonTarget	1	169828
680.76	1.2	NonTarget	1	170190
682.208	1.2	NonTarget	1	170552
683.656	1.2	NonTarget	1	170914
685.104	1.2	NonTarget	1	171276
686.552	1.2	NonTarget	1	171638
688.0	1.2	NonTarget	1	172000
689.448	1.2	NonTarget	1	172362
690.896	1.2	NonTarget	1	172724
692.344	1.2	Target	2	173086
693.792	1.2	NonTarget	1	173448
695.24	1.2	Target	2	173810
696.688	1.2	NonTarget	1	174172
698.136	1.2	NonTarget	1	174534
699.584	1.2	NonTarget	1	174896
701.032	1.2	NonTarget	1	175258
702.48	1.2	NonTarget	1	175620
703.928	1.2	NonTarget	1	175982
705.376	1.2	NonTarget	1	176344
706.824	1.2	NonTarget	1	176706
708.272	1.2	NonTarget	1	177068
709.72	1.2	Target	2	177430
711.168	1.2	NonTarget	1	177792
712.616	1.2	NonTarget	1	178154
714.064	1.2	NonTarget	1	178516
715.512	1.2	NonTarget	1	178878
716.96	1.2	NonTarget	1	179240
718.408	1.2	NonTarget	1	179602
719.856	1.2	NonTarget	1	179964
721.304	1.2	Target	2	180326
722.752	1.2	NonTarget	1	180688
724.2	1.2	NonTarget	1	181050
725.648	1.2	NonTarget	1	181412
727.096	1.2	NonTarget	1	181774
728.544	1.2	NonTarget	1	182136
729.992	1.2	Target	2	182498
731.44	1.2	NonTarget	1	182860
732.888	1.2	NonTarget	1	183222
734.336	1.2	NonTarget	1	183584
735.784	1.2	NonTarget	1	183946
737.232	1.2	NonTarget	1	184308
738.68	1.2	NonTarget	1	184670
740.128	1.2	NonTarget	1	185032
741.576	1.2	Target	2	185394
743.024	1.2	NonTarget	1	185756
744.472	1.2	NonTarget	1	186118
745.92	1.2	NonTarget	1	186480
747.368	1.2	NonTarget	1	186842
748.816	1.2	NonTarget	1	187204
750.264	1.2	NonTarget	1	187566
751.712	1.2	NonTarget	1	187928
753.16	1.2	NonTarget	1	188290
754.608	1.2	NonTarget	1	188652
756.056	1.2	Target	2	189014
757.504	1.2	NonTarget	1	189376
758.952	1.2	NonTarget	1	189738
760.4	1.2	NonTarget	1	190100
761.848	1.2	NonTarget	1	190462
763.296	1.2	NonTarget	1	190824
764.744	1.2	NonTarget	1	191186
766.192	1.2	Target	2	191548
767.64	1.2	NonTarget	1	191910
769.088	1.2	NonTarget	1	192272
770.536	1.2	NonTarget	1	192634
771.984	1.2	NonTarget	1	192996
773.432	1.2	NonTarget	1	193358
774.88	1.2	NonTarget	1	193720
776.328	1.2	NonTarget	1	194082
777.776	1.2	NonTarget	1	194444
779.224	1.2	Target	2	194806
780.672	1.2	NonTarget	1	195168
782.12	1.2	NonTarget	1	195530
783.568	1.2	NonTarget	1	195892
785.016	1.2	NonTarget	1	196254
786.464	1.2	NonTarget	1	196616
787.912	1.2	NonTarget	1	196978
789.36	1.2	NonTarget	1	197340
790.808	1.2	Target	2	197702
792.256	1.2	NonTarget	1	198064
793.704	1.2	NonTarget	1	198426
795.152	1.2	NonTarget	1	198788
796.6	1.2	NonTarget	1	199150
798.048	1.2	NonTarget	1	199512
799.496	1.2	NonTarget	1	199874
800.944	1.2	NonTarget	1	200236
802.392	1.2	NonTarget	1	200598
803.84	1.2	Target	2	200960
805.288	1.2	NonTarget	1	201322
806.736	1.2	NonTarget	1	201684
808.184	1.2	NonTarget	1	202046
809.632	1.2	NonTarget	1	202408
811.08	1.2	NonTarget	1	202770
812.528	1.2	NonTarget	1	203132
813.976	1.2	NonTarget	1	203494
815.424	1.2	NonTarget	1	203856
816.872	1.2	NonTarget	1	204218
818.32	1.2	NonTarget	1	204580
819.768	1.2	Target	2	204942
821.216	1.2	NonTarget	1	205304
822.664	1.2	Target	2	205666
824.112	1.2	NonTarget	1	206028
825.56	1.2	NonTarget	1	206390
827.008	1.2	NonTarget	1	206752
828.456	1.2	NonTarget	1	207114
829.904	1.2	NonTarget	1	207476
831.352	1.2	NonTarget	1	207838
832.8	1.2	NonTarget	1	208200
834.248	1.2	NonTarget	1	208562
835.696	1.2	NonTarget	1	208924
837.144	1.2	NonTarget	1	209286
838.592	1.2	NonTarget	1	209648
840.04	1.2	Target	2	210010
841.488	1.2	NonTarget	1	210372
842.936	1.2	NonTarget	1	210734
844.384	1.2	NonTarget	1	211096
845.832	1.2	Target	2	211458
847.28	1.2	NonTarget	1	211820
848.728	1.2	NonTarget	1	212182
850.176	1.2	NonTarget	1	212544
851.624	1.2	NonTarget	1	212906
853.072	1.2	NonTarget	1	213268
854.52	1.2	NonTarget	1	213630
855.968	1.2	NonTarget	1	213992
857.416	1.2	NonTarget	1	214354
858.864	1.2	NonTarget	1	214716
860.312	1.2	NonTarget	1	215078
861.76	1.2	NonTarget	1	215440
863.208	1.2	NonTarget	1	215802
864.656	1.2	NonTarget	1	216164
866.104	1.2	Target	2	216526
867.552	1.2	NonTarget	1	216888
869.0	1.2	NonTarget	1	217250
870.448	1.2	NonTarget	1	217612
871.896	1.2	NonTarget	1	217974
873.344	1.2	NonTarget	1	218336
874.792	1.2	Target	2	218698
876.24	1.2	NonTarget	1	219060
877.688	1.2	NonTarget	1	219422
879.136	1.2	NonTarget	1	219784
880.584	1.2	NonTarget	1	220146
882.032	1.2	NonTarget	1	220508
883.48	1.2	NonTarget	1	220870
884.928	1.2	NonTarget	1	221232
886.376	1.2	NonTarget	1	221594
887.824	1.2	NonTarget	1	221956
889.272	1.2	Target	2	222318
890.72	1.2	NonTarget	1	222680
892.168	1.2	NonTarget	1	223042
893.616	1.2	NonTarget	1	223404
895.064	1.2	NonTarget	1	223766
896.512	1.2	NonTarget	1	224128
897.96	1.2	NonTarget	1	224490
899.408	1.2	Target	2	224852
900.856	1.2	NonTarget	1	225214
902.304	1.2	NonTarget	1	225576
903.752	1.2	NonTarget	1	225938
905.2	1.2	Target	2	226300
906.648	1.2	NonTarget	1	226662
908.096	1.2	NonTarget	1	227024
909.544	1.2	NonTarget	1	227386
910.992	1.2	NonTarget	1	227748
912.44	1.2	NonTarget	1	228110
913.888	1.2	NonTarget	1	228472
915.336	1.2	NonTarget	1	228834
916.784	1.2	NonTarget	1	229196
918.232	1.2	Target	2	229558
919.68	1.2	NonTarget	1	229920
921.128	1.2	NonTarget	1	230282
922.576	1.2	NonTarget	1	230644
924.024	1.2	NonTarget	1	231006
925.472	1.2	NonTarget	1	231368
926.92	1.2	NonTarget	1	231730
928.368	1.2	NonTarget	1	232092
929.816	1.2	NonTarget	1	232454
931.264	1.2	NonTarget	1	232816
932.712	1.2	NonTarget	1	233178
934.16	1.2	NonTarget	1	233540
935.608	1.2	NonTarget	1	233902
937.056	1.2	Target	2	234264
938.504	1.2	NonTarget	1	234626
939.952	1.2	NonTarget	1	234988
941.4	1.2	NonTarget	1	235350
942.848	1.2	Target	2	235712
944.296	1.2	NonTarget	1	236074
945.744	1.2	NonTarget	1	236436
947.192	1.2	NonTarget	1	236798
948.64	1.2	NonTarget	1	237160
950.088	1.2	NonTarget	1	237522
951.536	1.2	NonTarget	1	237884
952.984	1.2	NonTarget	1	238246
954.432	1.2	NonTarget	1	238608
955.88	1.2	NonTarget	1	238970
957.328	1.2	Target	2	239332
958.776	1.2	NonTarget	1	239694
960.224	1.2	NonTarget	1	240056
961.672	1.2	NonTarget	1	240418
963.12	1.2	NonTarget	1	240780
964.568	1.2	NonTarget	1	241142
966.016	1.2	NonTarget	1	241504
967.464	1.2	Target	2	241866
968.912	1.2	NonTarget	1	242228
970.36	1.2	NonTarget	1	242590
971.808	1.2	NonTarget	1	242952
973.256	1.2	NonTarget	1	243314
974.704	1.2	NonTarget	1	243676
976.152	1.2	NonTarget	1	244038
977.6	1.2	NonTarget	1	244400
979.048	1.2	NonTarget	1	244762
980.496	1.2	NonTarget	1	245124
981.944	1.2	NonTarget	1	245486
983.392	1.2	Target	2	245848
984.84	1.2	NonTarget	1	246210
986.288	1.2	NonTarget	1	246572
987.736	1.2	NonTarget	1	246934
989.184	1.2	NonTarget	1	247296
990.632	1.2	NonTarget	1	247658
992.08	1.2	Target	2	248020
993.528	1.2	NonTarget	1	248382
994.976	1.2	NonTarget	1	248744
996.424	1.2	NonTarget	1	249106
997.872	1.2	NonTarget	1	249468
999.32	1.2	NonTarget	1	249830
1000.768	1.2	NonTarget	1	250192
1002.216	1.2	NonTarget	1	250554
1003.664	1.2	Target	2	250916
1005.112	1.2	NonTarget	1	251278
1006.56	1.2	NonTarget	1	251640
1008.008	1.2	NonTarget	1	252002
1009.456	1.2	NonTarget	1	252364
1010.904	1.2	NonTarget	1	252726
1012.352	1.2	NonTarget	1	253088
1013.8	1.2	NonTarget	1	253450
1015.248	1.2	Target	2	253812
1016.696	1.2	NonTarget	1	254174
1018.144	1.2	NonTarget	1	254536
1019.592	1.2	Target	2	254898
1021.04	1.2	NonTarget	1	255260
1022.488	1.2	NonTarget	1	255622
1023.936	1.2	NonTarget	1	255984
1025.384	1.2	NonTarget	1	256346
1026.832	1.2	NonTarget	1	256708
1028.28	1.2	NonTarget	1	257070
1029.728	1.2	NonTarget	1	257432
1031.176	1.2	NonTarget	1	257794
1032.624	1.2	NonTarget	1	258156
1034.072	1.2	NonTarget	1	258518
1035.52	1.2	NonTarget	1	258880
1036.968	1.2	NonTarget	1	259242
1038.416	1.2	NonTarget	1	259604
1039.864	1.2	NonTarget	1	259966
1041.312	1.2	Target	2	260328
1042.76	1.2	NonTarget	1	260690
1044.208	1.2	Target	2	261052
1045.656	1.2	NonTarget	1	261414
1047.104	1.2	NonTarget	1	261776
1048.552	1.2	NonTarget	1	262138
1050.0	1.2	NonTarget	1	262500
1051.448	1.2	NonTarget	1	262862
1052.896	1.2	NonTarget	1	263224
1054.344	1.2	NonTarget	1	263586
1055.792	1.2	NonTarget	1	263948
1057.24	1.2	NonTarget	1	264310
1058.688	1.2	NonTarget	1	264672
1060.136	1.2	Target	2	265034
1061.584	1.2	NonTarget	1	265396
1063.032	1.2	NonTarget	1	265758
1064.48	1.2	NonTarget	1	266120
1065.928	1.2	NonTarget	1	266482
1067.376	1.2	NonTarget	1	266844
1068.824	1.2	NonTarget	1	267206
1070.272	1.2	NonTarget	1	267568
1071.72	1.2	NonTarget	1	267930
1073.168	1.2	NonTarget	1	268292
1074.616	1.2	Target	2	268654
1076.064	1.2	NonTarget	1	269016
1077.512	1.2	NonTarget	1	269378
1078.96	1.2	NonTarget	1	269740
1080.408	1.2	NonTarget	1	270102
1081.856	1.2	NonTarget	1	270464
1083.304	1.2	NonTarget	1	270826
1084.752	1.2	NonTarget	1	271188
1086.2	1.2	Target	2	271550
1087.648	1.2	NonTarget	1	271912
1089.096	1.2	Target	2	272274
1090.544	1.2	NonTarget	1	272636
1091.992	1.2	NonTarget	1	272998
1093.44	1.2	NonTarget	1	273360
1094.888	1.2	NonTarget	1	273722
1096.336	1.2	NonTarget	1	274084
1097.784	1.2	NonTarget	1	274446
1099.232	1.2	NonTarget	1	274808
1100.68	1.2	NonTarget	1	275170
1102.128	1.2	NonTarget	1	275532
1103.576	1.2	NonTarget	1	275894
1105.024	1.2	NonTarget	1	276256
1106.472	1.2	NonTarget	1	276618
1107.92	1.2	Target	2	276980
1109.368	1.2	NonTarget	1	277342
1110.816	1.2	NonTarget	1	277704
1112.264	1.2	Target	2	278066
1113.712	1.2	NonTarget	1	278428
1115.16	1.2	NonTarget	1	278790
1116.608	1.2	NonTarget	1	279152
1118.056	1.2	NonTarget	1	279514
1119.504	1.2	NonTarget	1	279876
1120.952	1.2	NonTarget	1	280238
1122.4	1.2	NonTarget	1	280600
1123.848	1.2	NonTarget	1	280962
1125.296	1.2	NonTarget	1	281324
1126.744	1.2	NonTarget	1	281686
1128.192	1.2	NonTarget	1	282048
1129.64	1.2	NonTarget	1	282410
1131.088	1.2	NonTarget	1	282772
1132.536	1.2	NonTarget	1	283134
1133.984	1.2	Target	2	283496
1135.432	1.2	NonTarget	1	283858
1136.88	1.2	NonTarget	1	284220
1138.328	1.2	Target	2	284582
1139.776	1.2	NonTarget	1	284944
1141.224	1.2	NonTarget	1	285306
1142.672	1.2	NonTarget	1	285668
1144.12	1.2	NonTarget	1	286030
1145.568	1.2	NonTarget	1	286392
1147.016	1.2	NonTarget	1	286754
1148.464	1.2	NonTarget	1	287116
1149.912	1.2	NonTarget	1	287478
1151.36	1.2	NonTarget	1	287840
1152.808	1.2	NonTarget	1	288202
1154.256	1.2	NonTarget	1	288564
1155.704	1.2	NonTarget	1	288926
1157.152	1.2	Target	2	289288
1158.6	1.2	NonTarget	1	289650
1160.048	1.2	NonTarget	1	290012
1161.496	1.2	NonTarget	1	290374
1162.944	1.2	NonTarget	1	290736
1164.392	1.2	NonTarget	1	291098
1165.84	1.2	Target	2	291460
1167.288	1.2	NonTarget	1	291822
1168.736	1.2	NonTarget	1	292184
1170.184	1.2	NonTarget	1	292546
1171.632	1.2	NonTarget	1	292908
1173.08	1.2	Target	2	293270
1174.528	1.2	NonTarget	1	293632
1175.976	1.2	NonTarget	1	293994
1177.424	1.2	NonTarget	1	294356
1178.872	1.2	NonTarget	1	294718
1180.32	1.2	NonTarget	1	295080
1181.768	1.2	NonTarget	1	295442
1183.216	1.2	NonTarget	1	295804
1184.664	1.2	Target	2	296166
1186.112	1.2	NonTarget	1	296528
1187.56	1.2	NonTarget	1	296890
1189.008	1.2	NonTarget	1	297252
1190.456	1.2	NonTarget	1	297614
1191.904	1.2	NonTarget	1	297976
1193.352	1.2	Target	2	298338
1194.8	1.2	NonTarget	1	298700
1196.248	1.2	NonTarget	1	299062
1197.696	1.2	NonTarget	1	299424
1199.144	1.2	NonTarget	1	299786
1200.592	1.2	NonTarget	1	300148
1202.04	1.2	NonTarget	1	300510
1203.488	1.2	NonTarget	1	300872
1204.936	1.2	NonTarget	1	301234
1206.384	1.2	NonTarget	1	301596
1207.832	1.2	NonTarget	1	301958
1209.28	1.2	NonTarget	1	302320
1210.728	1.2	NonTarget	1	302682
1212.176	1.2	NonTarget	1	303044
1213.624	1.2	Target	2	303406
1215.072	1.2	NonTarget	1	303768
1216.52	1.2	NonTarget	1	304130
1217.968	1.2	NonTarget	1	304492
1219.416	1.2	NonTarget	1	304854
1220.864	1.2	Target	2	305216
1222.312	1.2	NonTarget	1	305578
1223.76	1.2	NonTarget	1	305940
1225.208	1.2	NonTarget	1	306302
1226.656	1.2	NonTarget	1	306664
1228.104	1.2	NonTarget	1	307026
1229.552	1.2	NonTarget	1	307388
1231.0	1.2	NonTarget	1	307750
1232.448	1.2	NonTarget	1	308112
1233.896	1.2	Target	2	308474
1235.344	1.2	NonTarget	1	308836
1236.792	1.2	NonTarget	1	309198
1238.24	1.2	NonTarget	1	309560
1239.688	1.2	NonTarget	1	309922
1241.136	1.2	NonTarget	1	310284
1242.584	1.2	NonTarget	1	310646
1244.032	1.2	Target	2	311008
1245.48	1.2	NonTarget	1	311370
1246.928	1.2	NonTarget	1	311732
1248.376	1.2	NonTarget	1	312094
1249.824	1.2	NonTarget	1	312456
1251.272	1.2	NonTarget	1	312818
1252.72	1.2	NonTarget	1	313180
1254.168	1.2	NonTarget	1	313542
1255.616	1.2	NonTarget	1	313904
1257.064	1.2	NonTarget	1	314266
1258.512	1.2	NonTarget	1	314628
1259.96	1.2	NonTarget	1	314990
1261.408	1.2	Target	2	315352
1262.856	1.2	NonTarget	1	315714
1264.304	1.2	NonTarget	1	316076
1265.752	1.2	NonTarget	1	316438
1267.2	1.2	Target	2	316800
1268.648	1.2	NonTarget	1	317162
1270.096	1.2	NonTarget	1	317524
1271.544	1.2	NonTarget	1	317886
1272.992	1.2	NonTarget	1	318248
1274.44	1.2	NonTarget	1	318610
1275.888	1.2	NonTarget	1	318972
1277.336	1.2	NonTarget	1	319334
1278.784	1.2	NonTarget	1	319696
1280.232	1.2	NonTarget	1	320058
1281.68	1.2	NonTarget	1	320420
1283.128	1.2	NonTarget	1	320782
1284.576	1.2	Target	2	321144
1286.024	1.2	NonTarget	1	321506
1287.472	1.2	NonTarget	1	321868
1288.92	1.2	NonTarget	1	322230
1290.368	1.2	Target	2	322592
1291.816	1.2	NonTarget	1	322954
1293.264	1.2	NonTarget	1	323316
1294.712	1.2	NonTarget	1	323678
1296.16	1.2	NonTarget	1	324040
1297.608	1.2	NonTarget	1	324402
1299.056	1.2	NonTarget	1	324764
1300.504	1.2	Target	2	325126
1301.952	1.2	NonTarget	1	325488
1303.4	1.2	NonTarget	1	325850
1304.848	1.2	NonTarget	1	326212
1306.296	1.2	NonTarget	1	326574
1307.744	1.2	NonTarget	1	326936
1309.192	1.2	NonTarget	1	327298
1310.64	1.2	NonTarget	1	327660
1312.088	1.2	Target	2	328022
1313.536	1.2	NonTarget	1	328384
1314.984	1.2	NonTarget	1	328746
1316.432	1.2	NonTarget	1	329108
1317.88	1.2	NonTarget	1	329470
1319.328	1.2	NonTarget	1	329832
1320.776	1.2	NonTarget	1	330194
1322.224	1.2	NonTarget	1	330556
1323.672	1.2	NonTarget	1	330918
1325.12	1.2	NonTarget	1	331280
1326.568	1.2	NonTarget	1	331642
1328.016	1.2	NonTarget	1	332004
1329.464	1.2	NonTarget	1	332366
1330.912	1.2	Target	2	332728
1332.36	1.2	NonTarget	1	333090
1333.808	1.2	NonTarget	1	333452
1335.256	1.2	NonTarget	1	333814
1336.704	1.2	NonTarget	1	334176
1338.152	1.2	NonTarget	1	334538
1339.6	1.2	Target	2	334900
1341.048	1.2	NonTarget	1	335262
1342.496	1.2	NonTarget	1	335624
1343.944	1.2	NonTarget	1	335986
1345.392	1.2	NonTarget	1	336348
1346.84	1.2	NonTarget	1	336710
1348.288	1.2	NonTarget	1	337072
1349.736	1.2	NonTarget	1	337434
1351.184	1.2	Target	2	337796
1352.632	1.2	NonTarget	1	338158
1354.08	1.2	NonTarget	1	338520
1355.528	1.2	NonTarget	1	338882
1356.976	1.2	NonTarget	1	339244
1358.424	1.2	NonTarget	1	339606
1359.872	1.2	NonTarget	1	339968
1361.32	1.2	Target	2	340330
1362.768	1.2	NonTarget	1	340692
1364.216	1.2	NonTarget	1	341054
1365.664	1.2	NonTarget	1	341416
1367.112	1.2	Target	2	341778
1368.56	1.2	NonTarget	1	342140
1370.008	1.2	NonTarget	1	342502
1371.456	1.2	NonTarget	1	342864
1372.904	1.2	NonTarget	1	343226
1374.352	1.2	NonTarget	1	343588
1375.8	1.2	NonTarget	1	343950
1377.248	1.2	NonTarget	1	344312
1378.696	1.2	NonTarget	1	344674
1380.144	1.2	Target	2	345036
1381.592	1.2	NonTarget	1	345398
1383.04	1.2	NonTarget	1	345760
1384.488	1.2	NonTarget	1	346122
1385.936	1.2	NonTarget	1	346484
1387.384	1.2	NonTarget	1	346846
1388.832	1.2	NonTarget	1	347208
1390.28	1.2	NonTarget	1	347570
1391.728	1.2	NonTarget	1	347932
1393.176	1.2	NonTarget	1	348294
1394.624	1.2	NonTarget	1	348656
1396.072	1.2	NonTarget	1	349018
1397.52	1.2	NonTarget	1	349380
1398.968	1.2	Target	2	349742
1400.416	1.2	NonTarget	1	350104
1401.864	1.2	NonTarget	1	350466
1403.312	1.2	NonTarget	1	350828
1404.76	1.2	Target	2	351190
1406.208	1.2	NonTarget	1	351552
1407.656	1.2	NonTarget	1	351914
1409.104	1.2	NonTarget	1	352276
1410.552	1.2	NonTarget	1	352638
1412.0	1.2	NonTarget	1	353000
1413.448	1.2	NonTarget	1	353362
1414.896	1.2	NonTarget	1	353724
1416.344	1.2	Target	2	354086
1417.792	1.2	NonTarget	1	354448
1419.24	1.2	NonTarget	1	354810
1420.688	1.2	NonTarget	1	355172
1422.136	1.2	NonTarget	1	355534
1423.584	1.2	NonTarget	1	355896
1425.032	1.2	Target	2	356258
1426.48	1.2	NonTarget	1	356620
1427.928	1.2	NonTarget	1	356982
1429.376	1.2	NonTarget	1	357344
1430.824	1.2	NonTarget	1	357706
1432.272	1.2	NonTarget	1	358068
1433.72	1.2	NonTarget	1	358430
1435.168	1.2	NonTarget	1	358792
1436.616	1.2	NonTarget	1	359154
1438.064	1.2	Target	2	359516
1439.512	1.2	NonTarget	1	359878
1440.96	1.2	NonTarget	1	360240
1442.408	1.2	NonTarget	1	360602
1443.856	1.2	NonTarget	1	360964
1445.304	1.2	NonTarget	1	361326
1446.752	1.2	NonTarget	1	361688
1448.2	1.2	NonTarget	1	362050
1449.648	1.2	NonTarget	1	362412
1451.096	1.2	NonTarget	1	362774
1452.544	1.2	NonTarget	1	363136
1453.992	1.2	NonTarget	1	363498
1455.44	1.2	NonTarget	1	363860
1456.888	1.2	Target	2	364222
1458.336	1.2	NonTarget	1	364584
1459.784	1.2	Target	2	364946
1461.232	1.2	NonTarget	1	365308
1462.68	1.2	NonTarget	1	365670
1464.128	1.2	NonTarget	1	366032
1465.576	1.2	NonTarget	1	366394
1467.024	1.2	NonTarget	1	366756
1468.472	1.2	NonTarget	1	367118
1469.92	1.2	NonTarget	1	367480
1471.368	1.2	Target	2	367842
1472.816	1.2	NonTarget	1	368204
1474.264	1.2	NonTarget	1	368566
1475.712	1.2	NonTarget	1	368928
1477.16	1.2	NonTarget	1	369290
1478.608	1.2	NonTarget	1	369652
1480.056	1.2	NonTarget	1	370014
1481.504	1.2	NonTarget	1	370376
1482.952	1.2	Target	2	370738
1484.4	1.2	NonTarget	1	371100
1485.848	1.2	NonTarget	1	371462
1487.296	1.2	NonTarget	1	371824
1488.744	1.2	NonTarget	1	372186
1490.192	1.2	NonTarget	1	372548
1491.64	1.2	NonTarget	1	372910
1493.088	1.2	NonTarget	1	373272
1494.536	1.2	NonTarget	1	373634
1495.984	1.2	NonTarget	1	373996
1497.432	1.2	Target	2	374358
1498.88	1.2	NonTarget	1	374720
1500.328	1.2	NonTarget	1	375082
1501.776	1.2	NonTarget	1	375444
1503.224	1.2	NonTarget	1	375806
1504.672	1.2	NonTarget	1	376168
1506.12	1.2	NonTarget	1	376530
1507.568	1.2	NonTarget	1	376892
1509.016	1.2	NonTarget	1	377254
1510.464	1.2	NonTarget	1	377616
1511.912	1.2	Target	2	377978
1513.36	1.2	NonTarget	1	378340
1514.808	1.2	NonTarget	1	378702
1516.256	1.2	NonTarget	1	379064
1517.704	1.2	NonTarget	1	379426
1519.152	1.2	NonTarget	1	379788
1520.6	1.2	NonTarget	1	380150
1522.048	1.2	Target	2	380512
1523.496	1.2	NonTarget	1	380874
1524.944	1.2	NonTarget	1	381236
1526.392	1.2	NonTarget	1	381598
1527.84	1.2	NonTarget	1	381960
1529.288	1.2	NonTarget	1	382322
1530.736	1.2	NonTarget	1	382684
1532.184	1.2	NonTarget	1	383046
1533.632	1.2	Target	2	383408
1535.08	1.2	NonTarget	1	383770
1536.528	1.2	NonTarget	1	384132
1537.976	1.2	NonTarget	1	384494
1539.424	1.2	NonTarget	1	384856
1540.872	1.2	NonTarget	1	385218
1542.32	1.2	NonTarget	1	385580
1543.768	1.2	NonTarget	1	385942
1545.216	1.2	NonTarget	1	386304
1546.664	1.2	Target	2	386666
1548.112	1.2	NonTarget	1	387028
1549.56	1.2	NonTarget	1	387390
1551.008	1.2	NonTarget	1	387752
1552.456	1.2	Target	2	388114
1553.904	1.2	NonTarget	1	388476
1555.352	1.2	NonTarget	1	388838
1556.8	1.2	NonTarget	1	389200
1558.248	1.2	NonTarget	1	389562
1559.696	1.2	NonTarget	1	389924
1561.144	1.2	NonTarget	1	390286
1562.592	1.2	NonTarget	1	390648
1564.04	1.2	NonTarget	1	391010
1565.488	1.2	NonTarget	1	391372
1566.936	1.2	NonTarget	1	391734
1568.384	1.2	Target	2	392096
1569.832	1.2	NonTarget	1	392458
1571.28	1.2	NonTarget	1	392820
1572.728	1.2	NonTarget	1	393182
1574.176	1.2	NonTarget	1	393544
1575.624	1.2	NonTarget	1	393906
1577.072	1.2	NonTarget	1	394268
1578.52	1.2	NonTarget	1	394630
1579.968	1.2	NonTarget	1	394992
1581.416	1.2	NonTarget	1	395354
1582.864	1.2	NonTarget	1	395716
1584.312	1.2	Target	2	396078
1585.76	1.2	NonTarget	1	396440
1587.208	1.2	NonTarget	1	396802
1588.656	1.2	Target	2	397164
1590.104	1.2	NonTarget	1	397526
1591.552	1.2	NonTarget	1	397888
1593.0	1.2	NonTarget	1	398250
1594.448	1.2	NonTarget	1	398612
1595.896	1.2	NonTarget	1	398974
1597.344	1.2	NonTarget	1	399336
1598.792	1.2	NonTarget	1	399698
1600.24	1.2	NonTarget	1	400060
1601.688	1.2	Target	2	400422
1603.136	1.2	NonTarget	1	400784
1604.584	1.2	NonTarget	1	401146
1606.032	1.2	NonTarget	1	401508
1607.48	1.2	NonTarget	1	401870
1608.928	1.2	NonTarget	1	402232
1610.376	1.2	NonTarget	1	402594
1611.824	1.2	NonTarget	1	402956
1613.272	1.2	NonTarget	1	403318
1614.72	1.2	NonTarget	1	403680
1616.168	1.2	Target	2	404042
1617.616	1.2	NonTarget	1	404404
1619.064	1.2	NonTarget	1	404766
1620.512	1.2	NonTarget	1	405128
1621.96	1.2	NonTarget	1	405490
1623.408	1.2	NonTarget	1	405852
1624.856	1.2	NonTarget	1	406214
1626.304	1.2	NonTarget	1	406576
1627.752	1.2	NonTarget	1	406938
1629.2	1.2	Target	2	407300
1630.648	1.2	NonTarget	1	407662
1632.096	1.2	NonTarget	1	408024
1633.544	1.2	NonTarget	1	408386
1634.992	1.2	NonTarget	1	408748
1636.44	1.2	NonTarget	1	409110
1637.888	1.2	NonTarget	1	409472
1639.336	1.2	NonTarget	1	409834
1640.784	1.2	NonTarget	1	410196
1642.232	1.2	NonTarget	1	410558
1643.68	1.2	Target	2	410920
1645.128	1.2	NonTarget	1	411282
1646.576	1.2	NonTarget	1	411644
1648.024	1.2	NonTarget	1	412006
1649.472	1.2	NonTarget	1	412368
1650.92	1.2	Target	2	412730
1652.368	1.2	NonTarget	1	413092
1653.816	1.2	NonTarget	1	413454
1655.264	1.2	NonTarget	1	413816
1656.712	1.2	NonTarget	1	414178
1658.16	1.2	NonTarget	1	414540
1659.608	1.2	NonTarget	1	414902
1661.056	1.2	NonTarget	1	415264
1662.504	1.2	NonTarget	1	415626
1663.952	1.2	NonTarget	1	415988
1665.4	1.2	NonTarget	1	416350
1666.848	1.2	Target	2	416712
1668.296	1.2	NonTarget	1	417074
1669.744	1.2	NonTarget	1	417436
1671.192	1.2	Target	2	417798
1672.64	1.2	NonTarget	1	418160
1674.088	1.2	NonTarget	1	418522
1675.536	1.2	NonTarget	1	418884
1676.984	1.2	NonTarget	1	419246
1678.432	1.2	NonTarget	1	419608
1679.88	1.2	NonTarget	1	419970
1681.328	1.2	NonTarget	1	420332
1682.776	1.2	NonTarget	1	420694
1684.224	1.2	Target	2	421056
1685.672	1.2	NonTarget	1	421418
1687.12	1.2	NonTarget	1	421780
1688.568	1.2	NonTarget	1	422142
1690.016	1.2	NonTarget	1	422504
1691.464	1.2	NonTarget	1	422866
1692.912	1.2	Target	2	423228
1694.36	1.2	NonTarget	1	423590
1695.808	1.2	NonTarget	1	423952
1697.256	1.2	NonTarget	1	424314
1698.704	1.2	NonTarget	1	424676
1700.152	1.2	NonTarget	1	425038
1701.6	1.2	NonTarget	1	425400
1703.048	1.2	NonTarget	1	425762
1704.496	1.2	NonTarget	1	426124
1705.944	1.2	NonTarget	1	426486
1707.392	1.2	NonTarget	1	426848
1708.84	1.2	NonTarget	1	427210
1710.288	1.2	Target	2	427572
1711.736	1.2	NonTarget	1	427934
1713.184	1.2	NonTarget	1	428296
1714.632	1.2	NonTarget	1	428658
1716.08	1.2	Target	2	429020
1717.528	1.2	NonTarget	1	429382
1718.976	1.2	NonTarget	1	429744
1720.424	1.2	NonTarget	1	430106
1721.872	1.2	NonTarget	1	430468
1723.32	1.2	NonTarget	1	430830
1724.768	1.2	NonTarget	1	431192
1726.216	1.2	NonTarget	1	431554
1727.664	1.2	NonTarget	1	431916
1729.112	1.2	NonTarget	1	432278
1730.56	1.2	NonTarget	1	432640
1732.008	1.2	NonTarget	1	433002
1733.456	1.2	Target	2	433364
1734.904	1.2	NonTarget	1	433726
1736.352	1.2	NonTarget	1	434088
1737.8	1.2	NonTarget	1	434450
1739.248	1.2	NonTarget	1	434812
1740.696	1.2	NonTarget	1	435174
1742.144	1.2	NonTarget	1	435536
1743.592	1.2	NonTarget	1	435898
1745.04	1.2	Target	2	436260
1746.488	1.2	NonTarget	1	436622
1747.936	1.2	NonTarget	1	436984
1749.384	1.2	NonTarget	1	437346
1750.832	1.2	NonTarget	1	437708
1752.28	1.2	Target	2	438070
1753.728	1.2	NonTarget	1	438432
1755.176	1.2	NonTarget	1	438794
1756.624	1.2	NonTarget	1	439156
1758.072	1.2	NonTarget	1	439518
1759.52	1.2	NonTarget	1	439880
1760.968	1.2	NonTarget	1	440242
1762.416	1.2	NonTarget	1	440604
1763.864	1.2	NonTarget	1	440966
1765.312	1.2	NonTarget	1	441328
1766.76	1.2	NonTarget	1	441690
1768.208	1.2	NonTarget	1	442052
1769.656	1.2	Target	2	442414
1771.104	1.2	NonTarget	1	442776
1772.552	1.2	NonTarget	1	443138
1774.0	1.2	NonTarget	1	443500
1775.448	1.2	NonTarget	1	443862
1776.896	1.2	NonTarget	1	444224
1778.344	1.2	NonTarget	1	444586
1779.792	1.2	NonTarget	1	444948
1781.24	1.2	NonTarget	1	445310
1782.688	1.2	Target	2	445672
1784.136	1.2	NonTarget	1	446034
1785.584	1.2	Target	2	446396
1787.032	1.2	NonTarget	1	446758
1788.48	1.2	NonTarget	1	447120
1789.928	1.2	NonTarget	1	447482
1791.376	1.2	NonTarget	1	447844
1792.824	1.2	NonTarget	1	448206
1794.272	1.2	NonTarget	1	448568
1795.72	1.2	NonTarget	1	448930
1797.168	1.2	NonTarget	1	449292
1798.616	1.2	NonTarget	1	449654
1800.064	1.2	NonTarget	1	450016
1801.512	1.2	NonTarget	1	450378
1802.96	1.2	NonTarget	1	450740
1804.408	1.2	Target	2	451102
1805.856	1.2	NonTarget	1	451464
1807.304	1.2	Target	2	451826
1808.752	1.2	NonTarget	1	452188
1810.2	1.2	NonTarget	1	452550
1811.648	1.2	NonTarget	1	452912
1813.096	1.2	NonTarget	1	453274
1814.544	1.2	NonTarget	1	453636
1815.992	1.2	NonTarget	1	453998
1817.44	1.2	NonTarget	1	454360
1818.888	1.2	NonTarget	1	454722
1820.336	1.2	Target	2	455084
1821.784	1.2	NonTarget	1	455446
1823.232	1.2	NonTarget	1	455808
1824.68	1.2	NonTarget	1	456170
1826.128	1.2	NonTarget	1	456532
1827.576	1.2	NonTarget	1	456894
1829.024	1.2	NonTarget	1	457256
1830.472	1.2	NonTarget	1	457618
1831.92	1.2	NonTarget	1	457980
1833.368	1.2	NonTarget	1	458342
1834.816	1.2	NonTarget	1	458704
1836.264	1.2	NonTarget	1	459066
1837.712	1.2	NonTarget	1	459428
1839.16	1.2	NonTarget	1	459790
1840.608	1.2	Target	2	460152
1842.056	1.2	NonTarget	1	460514
1843.504	1.2	NonTarget	1	460876
1844.952	1.2	NonTarget	1	461238
1846.4	1.2	NonTarget	1	461600
1847.848	1.2	NonTarget	1	461962
1849.296	1.2	NonTarget	1	462324
1850.744	1.2	Target	2	462686
1852.192	1.2	NonTarget	1	463048
1853.64	1.2	Target	2	463410
1855.088	1.2	NonTarget	1	463772
1856.536	1.2	NonTarget	1	464134
1857.984	1.2	NonTarget	1	464496
1859.432	1.2	NonTarget	1	464858
1860.88	1.2	NonTarget	1	465220
1862.328	1.2	NonTarget	1	465582
1863.776	1.2	NonTarget	1	465944
1865.224	1.2	NonTarget	1	466306
1866.672	1.2	NonTarget	1	466668
1868.12	1.2	NonTarget	1	467030
1869.568	1.2	NonTarget	1	467392
1871.016	1.2	NonTarget	1	467754
1872.464	1.2	NonTarget	1	468116
1873.912	1.2	NonTarget	1	468478
1875.36	1.2	Target	2	468840
1876.808	1.2	NonTarget	1	469202
1878.256	1.2	NonTarget	1	469564
1879.704	1.2	NonTarget	1	469926
1881.152	1.2	Target	2	470288
1882.6	1.2	NonTarget	1	470650
1884.048	1.2	NonTarget	1	471012
1885.496	1.2	NonTarget	1	471374
1886.944	1.2	NonTarget	1	471736
1888.392	1.2	NonTarget	1	472098
1889.84	1.2	NonTarget	1	472460
1891.288	1.2	NonTarget	1	472822
1892.736	1.2	NonTarget	1	473184
1894.184	1.2	NonTarget	1	473546
1895.632	1.2	NonTarget	1	473908
1897.08	1.2	NonTarget	1	474270
1898.528	1.2	Target	2	474632
1899.976	1.2	NonTarget	1	474994
1901.424	1.2	NonTarget	1	475356
1902.872	1.2	NonTarget	1	475718
1904.32	1.2	NonTarget	1	476080
1905.768	1.2	NonTarget	1	476442
1907.216	1.2	NonTarget	1	476804
1908.664	1.2	Target	2	477166
1910.112	1.2	NonTarget	1	477528
1911.56	1.2	NonTarget	1	477890
1913.008	1.2	NonTarget	1	478252
1914.456	1.2	NonTarget	1	478614
1915.904	1.2	Target	2	478976
1917.352	1.2	NonTarget	1	479338
1918.8	1.2	NonTarget	1	479700
1920.248	1.2	NonTarget	1	480062
1921.696	1.2	NonTarget	1	480424
1923.144	1.2	NonTarget	1	480786
1924.592	1.2	NonTarget	1	481148
1926.04	1.2	Target	2	481510
1927.488	1.2	NonTarget	1	481872
1928.936	1.2	NonTarget	1	482234
1930.384	1.2	NonTarget	1	482596
1931.832	1.2	NonTarget	1	482958
1933.28	1.2	NonTarget	1	483320
1934.728	1.2	NonTarget	1	483682
1936.176	1.2	Target	2	484044
1937.624	1.2	NonTarget	1	484406
1939.072	1.2	NonTarget	1	484768
1940.52	1.2	NonTarget	1	485130
1941.968	1.2	NonTarget	1	485492
1943.416	1.2	NonTarget	1	485854
1944.864	1.2	NonTarget	1	486216
1946.312	1.2	NonTarget	1	486578
1947.76	1.2	NonTarget	1	486940
1949.208	1.2	Target	2	487302
1950.656	1.2	NonTarget	1	487664
1952.104	1.2	NonTarget	1	488026
1953.552	1.2	NonTarget	1	488388
1955.0	1.2	NonTarget	1	488750
1956.448	1.2	NonTarget	1	489112
1957.896	1.2	Target	2	489474
1959.344	1.2	NonTarget	1	489836
1960.792	1.2	NonTarget	1	490198
1962.24	1.2	NonTarget	1	490560
1963.688	1.2	NonTarget	1	490922
1965.136	1.2	NonTarget	1	491284
1966.584	1.2	NonTarget	1	491646
1968.032	1.2	NonTarget	1	492008
1969.48	1.2	NonTarget	1	492370
1970.928	1.2	NonTarget	1	492732
1972.376	1.2	NonTarget	1	493094
1973.824	1.2	NonTarget	1	493456
1975.272	1.2	Target	2	493818
1976.72	1.2	NonTarget	1	494180
1978.168	1.2	NonTarget	1	494542
1979.616	1.2	NonTarget	1	494904
1981.064	1.2	NonTarget	1	495266
1982.512	1.2	NonTarget	1	495628
1983.96	1.2	NonTarget	1	495990
1985.408	1.2	NonTarget	1	496352
1986.856	1.2	NonTarget	1	496714
1988.304	1.2	NonTarget	1	497076
1989.752	1.2	NonTarget	1	497438
1991.2	1.2	Target	2	497800
1992.648	1.2	NonTarget	1	498162
1994.096	1.2	Target	2	498524
1995.544	1.2	NonTarget	1	498886
1996.992	1.2	NonTarget	1	499248
1998.44	1.2	NonTarget	1	499610
1999.888	1.2	NonTarget	1	499972
2001.336	1.2	NonTarget	1	500334
2002.784	1.2	NonTarget	1	500696
2004.232	1.2	NonTarget	1	501058
2005.68	1.2	NonTarget	1	501420
2007.128	1.2	NonTarget	1	501782
2008.576	1.2	Target	2	502144
2010.024	1.2	NonTarget	1	502506
2011.472	1.2	NonTarget	1	502868
2012.92	1.2	NonTarget	1	503230
2014.368	1.2	NonTarget	1	503592
2015.816	1.2	NonTarget	1	503954
2017.264	1.2	NonTarget	1	504316
2018.712	1.2	NonTarget	1	504678
2020.16	1.2	NonTarget	1	505040
2021.608	1.2	NonTarget	1	505402
2023.056	1.2	NonTarget	1	505764
2024.504	1.2	NonTarget	1	506126
2025.952	1.2	Target	2	506488
2027.4	1.2	NonTarget	1	506850
2028.848	1.2	NonTarget	1	507212
2030.296	1.2	NonTarget	1	507574
2031.744	1.2	NonTarget	1	507936
2033.192	1.2	NonTarget	1	508298
2034.64	1.2	NonTarget	1	508660
2036.088	1.2	Target	2	509022
2037.536	1.2	NonTarget	1	509384
2038.984	1.2	NonTarget	1	509746
2040.432	1.2	NonTarget	1	510108
2041.88	1.2	Target	2	510470
2043.328	1.2	NonTarget	1	510832
2044.776	1.2	NonTarget	1	511194
2046.224	1.2	NonTarget	1	511556
2047.672	1.2	NonTarget	1	511918
2049.12	1.2	NonTarget	1	512280
2050.568	1.2	NonTarget	1	512642
2052.016	1.2	NonTarget	1	513004
2053.464	1.2	NonTarget	1	513366
2054.912	1.2	Target	2	513728
2056.36	1.2	NonTarget	1	514090
2057.808	1.2	NonTarget	1	514452
2059.256	1.2	NonTarget	1	514814
2060.704	1.2	NonTarget	1	515176
2062.152	1.2	NonTarget	1	515538
2063.6	1.2	NonTarget	1	515900
2065.048	1.2	NonTarget	1	516262
2066.496	1.2	Target	2	516624
2067.944	1.2	NonTarget	1	516986
2069.392	1.2	NonTarget	1	517348
2070.84	1.2	NonTarget	1	517710
2072.288	1.2	NonTarget	1	518072
2073.736	1.2	NonTarget	1	518434
2075.184	1.2	Target	2	518796
2076.632	1.2	NonTarget	1	519158
2078.08	1.2	NonTarget	1	519520
2079.528	1.2	NonTarget	1	519882
2080.976	1.2	NonTarget	1	520244
2082.424	1.2	NonTarget	1	520606
2083.872	1.2	NonTarget	1	520968
2085.32	1.2	Target	2	521330
2086.768	1.2	NonTarget	1	521692
2088.216	1.2	NonTarget	1	522054
2089.664	1.2	NonTarget	1	522416
2091.112	1.2	NonTarget	1	522778
2092.56	1.2	NonTarget	1	523140
2094.008	1.2	NonTarget	1	523502
2095.456	1.2	NonTarget	1	523864
2096.904	1.2	Target	2	524226
2098.352	1.2	NonTarget	1	524588
2099.8	1.2	NonTarget	1	524950
2101.248	1.2	NonTarget	1	525312
2102.696	1.2	NonTarget	1	525674
2104.144	1.2	NonTarget	1	526036
2105.592	1.2	NonTarget	1	526398
2107.04	1.2	NonTarget	1	526760
2108.488	1.2	NonTarget	1	527122
2109.936	1.2	NonTarget	1	527484
2111.384	1.2	NonTarget	1	527846
2112.832	1.2	NonTarget	1	528208
2114.28	1.2	NonTarget	1	528570
2115.728	1.2	NonTarget	1	528932
2117.176	1.2	NonTarget	1	529294
2118.624	1.2	Target	2	529656
2120.072	1.2	NonTarget	1	530018
2121.52	1.2	NonTarget	1	530380
2122.968	1.2	NonTarget	1	530742
2124.416	1.2	NonTarget	1	531104
2125.864	1.2	NonTarget	1	531466
2127.312	1.2	NonTarget	1	531828
2128.76	1.2	NonTarget	1	532190
2130.208	1.2	Target	2	532552
2131.656	1.2	NonTarget	1	532914
2133.104	1.2	NonTarget	1	533276
2134.552	1.2	NonTarget	1	533638
2136.0	1.2	NonTarget	1	534000
2137.448	1.2	Target	2	534362
2138.896	1.2	NonTarget	1	534724
2140.344	1.2	NonTarget	1	535086
2141.792	1.2	NonTarget	1	535448
2143.24	1.2	NonTarget	1	535810
2144.688	1.2	NonTarget	1	536172
2146.136	1.2	NonTarget	1	536534
2147.584	1.2	NonTarget	1	536896
2149.032	1.2	NonTarget	1	537258
2150.48	1.2	Target	2	537620
2151.928	1.2	NonTarget	1	537982
2153.376	1.2	NonTarget	1	538344
2154.824	1.2	NonTarget	1	538706
2156.272	1.2	NonTarget	1	539068
2157.72	1.2	Target	2	539430
2159.168	1.2	NonTarget	1	539792
2160.616	1.2	NonTarget	1	540154
2162.064	1.2	NonTarget	1	540516
2163.512	1.2	NonTarget	1	540878
2164.96	1.2	NonTarget	1	541240
2166.408	1.2	NonTarget	1	541602
2167.856	1.2	NonTarget	1	541964
2169.304	1.2	NonTarget	1	542326
2170.752	1.2	NonTarget	1	542688
2172.2	1.2	Target	2	543050
2173.648	1.2	NonTarget	1	543412
2175.096	1.2	NonTarget	1	543774
2176.544	1.2	NonTarget	1	544136
2177.992	1.2	NonTarget	1	544498
2179.44	1.2	NonTarget	1	544860
2180.888	1.2	NonTarget	1	545222
2182.336	1.2	NonTarget	1	545584
2183.784	1.2	Target	2	545946
2185.232	1.2	NonTarget	1	546308
2186.68	1.2	NonTarget	1	546670
2188.128	1.2	NonTarget	1	547032
2189.576	1.2	NonTarget	1	547394
2191.024	1.2	Target	2	547756
2192.472	1.2	NonTarget	1	548118
2193.92	1.2	NonTarget	1	548480
2195.368	1.2	NonTarget	1	548842
2196.816	1.2	NonTarget	1	549204
2198.264	1.2	NonTarget	1	549566
2199.712	1.2	NonTarget	1	549928
2201.16	1.2	Target	2	550290
2202.608	1.2	NonTarget	1	550652
2204.056	1.2	NonTarget	1	551014
2205.504	1.2	NonTarget	1	551376
2206.952	1.2	NonTarget	1	551738
2208.4	1.2	NonTarget	1	552100
2209.848	1.2	NonTarget	1	552462
2211.296	1.2	NonTarget	1	552824
2212.744	1.2	NonTarget	1	553186
2214.192	1.2	NonTarget	1	553548
2215.64	1.2	NonTarget	1	553910
2217.088	1.2	NonTarget	1	554272
2218.536	1.2	NonTarget	1	554634
2219.984	1.2	NonTarget	1	554996
2221.432	1.2	Target	2	555358
2222.88	1.2	NonTarget	1	555720
2224.328	1.2	NonTarget	1	556082
2225.776	1.2	NonTarget	1	556444
2227.224	1.2	Target	2	556806
2228.672	1.2	NonTarget	1	557168
2230.12	1.2	NonTarget	1	557530
2231.568	1.2	NonTarget	1	557892
2233.016	1.2	NonTarget	1	558254
2234.464	1.2	NonTarget	1	558616
2235.912	1.2	NonTarget	1	558978
2237.36	1.2	NonTarget	1	559340
2238.808	1.2	NonTarget	1	559702
2240.256	1.2	NonTarget	1	560064
2241.704	1.2	Target	2	560426
2243.152	1.2	NonTarget	1	560788
2244.6	1.2	NonTarget	1	561150
2246.048	1.2	NonTarget	1	561512
2247.496	1.2	Target	2	561874
2248.944	1.2	NonTarget	1	562236
2250.392	1.2	NonTarget	1	562598
2251.84	1.2	NonTarget	1	562960
2253.288	1.2	NonTarget	1	563322
2254.736	1.2	NonTarget	1	563684
2256.184	1.2	NonTarget	1	564046
2257.632	1.2	NonTarget	1	564408
2259.08	1.2	NonTarget	1	564770
2260.528	1.2	NonTarget	1	565132
2261.976	1.2	NonTarget	1	565494
2263.424	1.2	NonTarget	1	565856
2264.872	1.2	NonTarget	1	566218
2266.32	1.2	NonTarget	1	566580
2267.768	1.2	Target	2	566942
2269.216	1.2	NonTarget	1	567304
2270.664	1.2	NonTarget	1	567666
2272.112	1.2	NonTarget	1	568028
2273.56	1.2	NonTarget	1	568390
2275.008	1.2	NonTarget	1	568752
2276.456	1.2	NonTarget	1	569114
2277.904	1.2	Target	2	569476
2279.352	1.2	NonTarget	1	569838
2280.8	1.2	NonTarget	1	570200
2282.248	1.2	NonTarget	1	570562
2283.696	1.2	NonTarget	1	570924
2285.144	1.2	NonTarget	1	571286
2286.592	1.2	NonTarget	1	571648
2288.04	1.2	NonTarget	1	572010
2289.488	1.2	NonTarget	1	572372
2290.936	1.2	Target	2	572734
2292.384	1.2	NonTarget	1	573096
2293.832	1.2	Target	2	573458
2295.28	1.2	NonTarget	1	573820
2296.728	1.2	NonTarget	1	574182
2298.176	1.2	NonTarget	1	574544
2299.624	1.2	NonTarget	1	574906
2301.072	1.2	NonTarget	1	575268
2302.52	1.2	NonTarget	1	575630
2303.968	1.2	NonTarget	1	575992
2305.416	1.2	NonTarget	1	576354
2306.864	1.2	NonTarget	1	576716
2308.312	1.2	NonTarget	1	577078
2309.76	1.2	NonTarget	1	577440
2311.208	1.2	NonTarget	1	577802
2312.656	1.2	Target	2	578164
2314.104	1.2	NonTarget	1	578526
2315.552	1.2	NonTarget	1	578888
2317.0	1.2	Target	2	579250
2318.448	1.2	NonTarget	1	579612
2319.896	1.2	NonTarget	1	579974
2321.344	1.2	NonTarget	1	580336
2322.792	1.2	NonTarget	1	580698
2324.24	1.2	NonTarget	1	581060
2325.688	1.2	NonTarget	1	581422
2327.136	1.2	NonTarget	1	581784
2328.584	1.2	NonTarget	1	582146
2330.032	1.2	NonTarget	1	582508
2331.48	1.2	NonTarget	1	582870
2332.928	1.2	NonTarget	1	583232
2334.376	1.2	NonTarget	1	583594
2335.824	1.2	Target	2	583956
2337.272	1.2	NonTarget	1	584318
2338.72	1.2	NonTarget	1	584680
2340.168	1.2	Target	2	585042
2341.616	1.2	NonTarget	1	585404
2343.064	1.2	NonTarget	1	585766
2344.512	1.2	NonTarget	1	586128
2345.96	1.2	NonTarget	1	586490
2347.408	1.2	NonTarget	1	586852
2348.856	1.2	NonTarget	1	587214
2350.304	1.2	NonTarget	1	587576
2351.752	1.2	NonTarget	1	587938
2353.2	1.2	NonTarget	1	588300
2354.648	1.2	NonTarget	1	588662
2356.096	1.2	Target	2	589024
2357.544	1.2	NonTarget	1	589386
2358.992	1.2	NonTarget	1	589748
2360.44	1.2	NonTarget	1	590110
2361.888	1.2	NonTarget	1	590472
2363.336	1.2	NonTarget	1	590834
2364.784	1.2	NonTarget	1	591196
2366.232	1.2	NonTarget	1	591558
2367.68	1.2	NonTarget	1	591920
2369.128	1.2	Target	2	592282
2370.576	1.2	NonTarget	1	592644
2372.024	1.2	NonTarget	1	593006
2373.472	1.2	NonTarget	1	593368
2374.92	1.2	Target	2	593730
2376.368	1.2	NonTarget	1	594092
2377.816	1.2	NonTarget	1	594454
2379.264	1.2	NonTarget	1	594816
2380.712	1.2	NonTarget	1	595178
2382.16	1.2	NonTarget	1	595540
2383.608	1.2	NonTarget	1	595902
2385.056	1.2	NonTarget	1	596264
2386.504	1.2	NonTarget	1	596626
2387.952	1.2	NonTarget	1	596988
2389.4	1.2	NonTarget	1	597350
2390.848	1.2	NonTarget	1	597712
2392.296	1.2	Target	2	598074
2393.744	1.2	NonTarget	1	598436
2395.192	1.2	NonTarget	1	598798
2396.64	1.2	NonTarget	1	599160
2398.088	1.2	NonTarget	1	599522
2399.536	1.2	NonTarget	1	599884
2400.984	1.2	NonTarget	1	600246
2402.432	1.2	NonTarget	1	600608
2403.88	1.2	NonTarget	1	600970
2405.328	1.2	NonTarget	1	601332
2406.776	1.2	Target	2	601694
2408.224	1.2	NonTarget	1	602056
2409.672	1.2	NonTarget	1	602418
2411.12	1.2	NonTarget	1	602780
2412.568	1.2	NonTarget	1	603142
2414.016	1.2	Target	2	603504
2415.464	1.2	NonTarget	1	603866
2416.912	1.2	NonTarget	1	604228
2418.36	1.2	NonTarget	1	604590
2419.808	1.2	NonTarget	1	604952
2421.256	1.2	NonTarget	1	605314
2422.704	1.2	NonTarget	1	605676
2424.152	1.2	NonTarget	1	606038
2425.6	1.2	NonTarget	1	606400
2427.048	1.2	NonTarget	1	606762
2428.496	1.2	NonTarget	1	607124
2429.944	1.2	NonTarget	1	607486
2431.392	1.2	Target	2	607848
2432.84	1.2	NonTarget	1	608210
2434.288	1.2	Target	2	608572
2435.736	1.2	NonTarget	1	608934
2437.184	1.2	NonTarget	1	609296
2438.632	1.2	NonTarget	1	609658
2440.08	1.2	NonTarget	1	610020
2441.528	1.2	NonTarget	1	610382
2442.976	1.2	NonTarget	1	610744
2444.424	1.2	NonTarget	1	611106
2445.872	1.2	NonTarget	1	611468
2447.32	1.2	NonTarget	1	611830
2448.768	1.2	NonTarget	1	612192
2450.216	1.2	NonTarget	1	612554
2451.664	1.2	NonTarget	1	612916
2453.112	1.2	NonTarget	1	613278
2454.56	1.2	Target	2	613640
2456.008	1.2	NonTarget	1	614002
2457.456	1.2	NonTarget	1	614364
2458.904	1.2	NonTarget	1	614726
2460.352	1.2	NonTarget	1	615088
2461.8	1.2	NonTarget	1	615450
2463.248	1.2	NonTarget	1	615812
2464.696	1.2	Target	2	616174
2466.144	1.2	NonTarget	1	616536
2467.592	1.2	NonTarget	1	616898
2469.04	1.2	NonTarget	1	617260
2470.488	1.2	Target	2	617622
2471.936	1.2	NonTarget	1	617984
2473.384	1.2	NonTarget	1	618346
2474.832	1.2	NonTarget	1	618708
2476.28	1.2	NonTarget	1	619070
2477.728	1.2	NonTarget	1	619432
2479.176	1.2	NonTarget	1	619794
2480.624	1.2	NonTarget	1	620156
2482.072	1.2	NonTarget	1	620518
2483.52	1.2	Target	2	620880
2484.968	1.2	NonTarget	1	621242
2486.416	1.2	NonTarget	1	621604
2487.864	1.2	NonTarget	1	621966
2489.312	1.2	NonTarget	1	622328
2490.76	1.2	NonTarget	1	622690
2492.208	1.2	NonTarget	1	623052
2493.656	1.2	Target	2	623414
2495.104	1.2	NonTarget	1	623776
2496.552	1.2	NonTarget	1	624138
2498.0	1.2	NonTarget	1	624500
2499.448	1.2	NonTarget	1	624862
2500.896	1.2	NonTarget	1	625224
2502.344	1.2	NonTarget	1	625586
2503.792	1.2	NonTarget	1	625948
2505.24	1.2	NonTarget	1	626310
2506.688	1.2	NonTarget	1	626672
2508.136	1.2	NonTarget	1	627034
2509.584	1.2	NonTarget	1	627396
2511.032	1.2	Target	2	627758
2512.48	1.2	NonTarget	1	628120
2513.928	1.2	NonTarget	1	628482
2515.376	1.2	Target	2	628844
2516.824	1.2	NonTarget	1	629206
2518.272	1.2	NonTarget	1	629568
2519.72	1.2	NonTarget	1	629930
2521.168	1.2	NonTarget	1	630292
2522.616	1.2	NonTarget	1	630654
2524.064	1.2	NonTarget	1	631016
2525.512	1.2	NonTarget	1	631378
2526.96	1.2	NonTarget	1	631740
2528.408	1.2	NonTarget	1	632102
2529.856	1.2	NonTarget	1	632464
2531.304	1.2	NonTarget	1	632826
2532.752	1.2	Target	2	633188
2534.2	1.2	NonTarget	1	633550
2535.648	1.2	NonTarget	1	633912
2537.096	1.2	NonTarget	1	634274
2538.544	1.2	NonTarget	1	634636
2539.992	1.2	NonTarget	1	634998
2541.44	1.2	Target	2	635360
2542.888	1.2	NonTarget	1	635722
2544.336	1.2	NonTarget	1	636084
2545.784	1.2	NonTarget	1	636446
2547.232	1.2	NonTarget	1	636808
2548.68	1.2	NonTarget	1	637170
2550.128	1.2	Target	2	637532
2551.576	1.2	NonTarget	1	637894
2553.024	1.2	NonTarget	1	638256
2554.472	1.2	NonTarget	1	638618
2555.92	1.2	NonTarget	1	638980
2557.368	1.2	NonTarget	1	639342
2558.816	1.2	NonTarget	1	639704
2560.264	1.2	NonTarget	1	640066
2561.712	1.2	NonTarget	1	640428
2563.16	1.2	NonTarget	1	640790
2564.608	1.2	NonTarget	1	641152
2566.056	1.2	NonTarget	1	641514
2567.504	1.2	Target	2	641876
2568.952	1.2	NonTarget	1	642238
2570.4	1.2	NonTarget	1	642600
2571.848	1.2	NonTarget	1	642962
2573.296	1.2	NonTarget	1	643324
2574.744	1.2	NonTarget	1	643686
2576.192	1.2	NonTarget	1	644048
2577.64	1.2	NonTarget	1	644410
2579.088	1.2	Target	2	644772
2580.536	1.2	NonTarget	1	645134
2581.984	1.2	NonTarget	1	645496
2583.432	1.2	NonTarget	1	645858
2584.88	1.2	NonTarget	1	646220
2586.328	1.2	NonTarget	1	646582
2587.776	1.2	NonTarget	1	646944
2589.224	1.2	Target	2	647306
2590.672	1.2	NonTarget	1	647668
2592.12	1.2	NonTarget	1	648030
2593.568	1.2	NonTarget	1	648392
2595.016	1.2	Target	2	648754
2596.464	1.2	NonTarget	1	649116
2597.912	1.2	NonTarget	1	649478
2599.36	1.2	NonTarget	1	649840
2600.808	1.2	NonTarget	1	650202
2602.256	1.2	NonTarget	1	650564
2603.704	1.2	NonTarget	1	650926
2605.152	1.2	NonTarget	1	651288
2606.6	1.2	NonTarget	1	651650
2608.048	1.2	Target	2	652012
2609.496	1.2	NonTarget	1	652374
2610.944	1.2	NonTarget	1	652736
2612.392	1.2	NonTarget	1	653098
2613.84	1.2	NonTarget	1	653460
2615.288	1.2	NonTarget	1	653822
2616.736	1.2	NonTarget	1	654184
2618.184	1.2	NonTarget	1	654546
2619.632	1.2	NonTarget	1	654908
2621.08	1.2	NonTarget	1	655270
2622.528	1.2	NonTarget	1	655632
2623.976	1.2	NonTarget	1	655994
2625.424	1.2	NonTarget	1	656356
2626.872	1.2	NonTarget	1	656718
2628.32	1.2	Target	2	657080
2629.768	1.2	NonTarget	1	657442
2631.216	1.2	NonTarget	1	657804
2632.664	1.2	NonTarget	1	658166
2634.112	1.2	NonTarget	1	658528
2635.56	1.2	Target	2	658890
2637.008	1.2	NonTarget	1	659252
2638.456	1.2	NonTarget	1	659614
2639.904	1.2	NonTarget	1	659976
2641.352	1.2	NonTarget	1	660338
2642.8	1.2	NonTarget	1	660700
2644.248	1.2	NonTarget	1	661062
2645.696	1.2	NonTarget	1	661424
2647.144	1.2	Target	2	661786
2648.592	1.2	NonTarget	1	662148
2650.04	1.2	NonTarget	1	662510
2651.488	1.2	NonTarget	1	662872
2652.936	1.2	NonTarget	1	663234
2654.384	1.2	Target	2	663596
2655.832	1.2	NonTarget	1	663958
2657.28	1.2	NonTarget	1	664320
2658.728	1.2	NonTarget	1	664682
2660.176	1.2	NonTarget	1	665044
2661.624	1.2	NonTarget	1	665406
2663.072	1.2	NonTarget	1	665768
2664.52	1.2	NonTarget	1	666130
2665.968	1.2	NonTarget	1	666492
2667.416	1.2	NonTarget	1	666854
2668.864	1.2	NonTarget	1	667216
2670.312	1.2	NonTarget	1	667578
2671.76	1.2	NonTarget	1	667940
2673.208	1.2	Target	2	668302
2674.656	1.2	NonTarget	1	668664
2676.104	1.2	NonTarget	1	669026
2677.552	1.2	NonTarget	1	669388
2679.0	1.2	NonTarget	1	669750
2680.448	1.2	NonTarget	1	670112
2681.896	1.2	NonTarget	1	670474
2683.344	1.2	NonTarget	1	670836
2684.792	1.2	Target	2	671198
2686.24	1.2	NonTarget	1	671560
2687.688	1.2	NonTarget	1	671922
2689.136	1.2	Target	2	672284
2690.584	1.2	NonTarget	1	672646
2692.032	1.2	NonTarget	1	673008
2693.48	1.2	NonTarget	1	673370
2694.928	1.2	NonTarget	1	673732
2696.376	1.2	NonTarget	1	674094
2697.824	1.2	NonTarget	1	674456
2699.272	1.2	NonTarget	1	674818
2700.72	1.2	NonTarget	1	675180
2702.168	1.2	NonTarget	1	675542
2703.616	1.2	NonTarget	1	675904
2705.064	1.2	Target	2	676266
2706.512	1.2	NonTarget	1	676628
2707.96	1.2	NonTarget	1	676990
2709.408	1.2	NonTarget	1	677352
2710.856	1.2	NonTarget	1	677714
2712.304	1.2	NonTarget	1	678076
2713.752	1.2	NonTarget	1	678438
2715.2	1.2	NonTarget	1	678800
2716.648	1.2	NonTarget	1	679162
2718.096	1.2	NonTarget	1	679524
2719.544	1.2	NonTarget	1	679886
2720.992	1.2	Target	2	680248
2722.44	1.2	NonTarget	1	680610
2723.888	1.2	NonTarget	1	680972
2725.336	1.2	NonTarget	1	681334
2726.784	1.2	NonTarget	1	681696
2728.232	1.2	NonTarget	1	682058
2729.68	1.2	NonTarget	1	682420
2731.128	1.2	Target	2	682782
2732.576	1.2	NonTarget	1	683144
2734.024	1.2	NonTarget	1	683506
2735.472	1.2	NonTarget	1	683868
2736.92	1.2	NonTarget	1	684230
2738.368	1.2	NonTarget	1	684592
2739.816	1.2	NonTarget	1	684954
2741.264	1.2	NonTarget	1	685316
2742.712	1.2	NonTarget	1	685678
2744.16	1.2	Target	2	686040
2745.608	1.2	NonTarget	1	686402
2747.056	1.2	NonTarget	1	686764
2748.504	1.2	NonTarget	1	687126
2749.952	1.2	Target	2	687488
2751.4	1.2	NonTarget	1	687850
2752.848	1.2	NonTarget	1	688212
2754.296	1.2	NonTarget	1	688574
2755.744	1.2	NonTarget	1	688936
2757.192	1.2	NonTarget	1	689298
2758.64	1.2	NonTarget	1	689660
2760.088	1.2	Target	2	690022
2761.536	1.2	NonTarget	1	690384
2762.984	1.2	NonTarget	1	690746
2764.432	1.2	NonTarget	1	691108
2765.88	1.2	NonTarget	1	691470
2767.328	1.2	NonTarget	1	691832
2768.776	1.2	Target	2	692194
2770.224	1.2	NonTarget	1	692556
2771.672	1.2	NonTarget	1	692918
2773.12	1.2	NonTarget	1	693280
2774.568	1.2	NonTarget	1	693642
2776.016	1.2	NonTarget	1	694004
2777.464	1.2	NonTarget	1	694366
2778.912	1.2	NonTarget	1	694728
2780.36	1.2	NonTarget	1	695090
2781.808	1.2	NonTarget	1	695452
2783.256	1.2	NonTarget	1	695814
2784.704	1.2	NonTarget	1	696176
2786.152	1.2	NonTarget	1	696538
2787.6	1.2	Target	2	696900
2789.048	1.2	NonTarget	1	697262
2790.496	1.2	NonTarget	1	697624
2791.944	1.2	NonTarget	1	697986
2793.392	1.2	NonTarget	1	698348
2794.84	1.2	NonTarget	1	698710
2796.288	1.2	Target	2	699072
2797.736	1.2	NonTarget	1	699434
2799.184	1.2	NonTarget	1	699796
2800.632	1.2	NonTarget	1	700158
2802.08	1.2	NonTarget	1	700520
2803.528	1.2	NonTarget	1	700882
2804.976	1.2	NonTarget	1	701244
2806.424	1.2	NonTarget	1	701606
2807.872	1.2	NonTarget	1	701968
2809.32	1.2	NonTarget	1	702330
2810.768	1.2	NonTarget	1	702692
2812.216	1.2	NonTarget	1	703054
2813.664	1.2	Target	2	703416
2815.112	1.2	NonTarget	1	703778
2816.56	1.2	NonTarget	1	704140
2818.008	1.2	NonTarget	1	704502
2819.456	1.2	NonTarget	1	704864
2820.904	1.2	NonTarget	1	705226
2822.352	1.2	NonTarget	1	705588
2823.8	1.2	Target	2	705950
2825.248	1.2	NonTarget	1	706312
2826.696	1.2	NonTarget	1	706674
2828.144	1.2	NonTarget	1	707036
2829.592	1.2	NonTarget	1	707398
2831.04	1.2	NonTarget	1	707760
2832.488	1.2	Target	2	708122
2833.936	1.2	NonTarget	1	708484
2835.384	1.2	NonTarget	1	708846
2836.832	1.2	NonTarget	1	709208
2838.28	1.2	NonTarget	1	709570
2839.728	1.2	NonTarget	1	709932
2841.176	1.2	NonTarget	1	710294
2842.624	1.2	NonTarget	1	710656
2844.072	1.2	Target	2	711018
2845.52	1.2	NonTarget	1	711380
2846.968	1.2	NonTarget	1	711742
2848.416	1.2	NonTarget	1	712104
2849.864	1.2	NonTarget	1	712466
2851.312	1.2	NonTarget	1	712828
2852.76	1.2	Target	2	713190
2854.208	1.2	NonTarget	1	713552
2855.656	1.2	NonTarget	1	713914
2857.104	1.2	NonTarget	1	714276
2858.552	1.2	NonTarget	1	714638
2860.0	1.2	NonTarget	1	715000
2861.448	1.2	NonTarget	1	715362
2862.896	1.2	NonTarget	1	715724
2864.344	1.2	NonTarget	1	716086
2865.792	1.2	NonTarget	1	716448
2867.24	1.2	NonTarget	1	716810
2868.688	1.2	NonTarget	1	717172
2870.136	1.2	Target	2	717534
2871.584	1.2	NonTarget	1	717896
2873.032	1.2	NonTarget	1	718258
2874.48	1.2	NonTarget	1	718620
2875.928	1.2	NonTarget	1	718982
2877.376	1.2	Target	2	719344
2878.824	1.2	NonTarget	1	719706
2880.272	1.2	NonTarget	1	720068
2881.72	1.2	NonTarget	1	720430
2883.168	1.2	NonTarget	1	720792
2884.616	1.2	NonTarget	1	721154
2886.064	1.2	NonTarget	1	721516
2887.512	1.2	NonTarget	1	721878
2888.96	1.2	NonTarget	1	722240
2890.408	1.2	NonTarget	1	722602
2891.856	1.2	Target	2	722964
2893.304	1.2	NonTarget	1	723326
2894.752	1.2	NonTarget	1	723688
2896.2	1.2	NonTarget	1	724050
2897.648	1.2	NonTarget	1	724412
2899.096	1.2	NonTarget	1	724774
2900.544	1.2	NonTarget	1	725136
2901.992	1.2	Target	2	725498
2903.44	1.2	NonTarget	1	725860
2904.888	1.2	NonTarget	1	726222
2906.336	1.2	NonTarget	1	726584
2907.784	1.2	NonTarget	1	726946
2909.232	1.2	NonTarget	1	727308
2910.68	1.2	NonTarget	1	727670
2912.128	1.2	NonTarget	1	728032
2913.576	1.2	NonTarget	1	728394
2915.024	1.2	NonTarget	1	728756
2916.472	1.2	NonTarget	1	729118
2917.92	1.2	Target	2	729480
2919.368	1.2	NonTarget	1	729842
2920.816	1.2	NonTarget	1	730204
2922.264	1.2	NonTarget	1	730566
2923.712	1.2	NonTarget	1	730928
2925.16	1.2	NonTarget	1	731290
2926.608	1.2	NonTarget	1	731652
2928.056	1.2	NonTarget	1	732014
2929.504	1.2	Target	2	732376
2930.952	1.2	NonTarget	1	732738
2932.4	1.2	NonTarget	1	733100
2933.848	1.2	NonTarget	1	733462
2935.296	1.2	NonTarget	1	733824
2936.744	1.2	Target	2	734186
2938.192	1.2	NonTarget	1	734548
2939.64	1.2	NonTarget	1	734910
2941.088	1.2	NonTarget	1	735272
2942.536	1.2	NonTarget	1	735634
2943.984	1.2	NonTarget	1	735996
2945.432	1.2	NonTarget	1	736358
2946.88	1.2	NonTarget	1	736720
2948.328	1.2	Target	2	737082
2949.776	1.2	NonTarget	1	737444
2951.224	1.2	NonTarget	1	737806
2952.672	1.2	NonTarget	1	738168
2954.12	1.2	NonTarget	1	738530
2955.568	1.2	NonTarget	1	738892
2957.016	1.2	NonTarget	1	739254
2958.464	1.2	NonTarget	1	739616
2959.912	1.2	Target	2	739978
2961.36	1.2	NonTarget	1	740340
2962.808	1.2	NonTarget	1	740702
2964.256	1.2	NonTarget	1	741064
2965.704	1.2	NonTarget	1	741426
2967.152	1.2	NonTarget	1	741788
2968.6	1.2	NonTarget	1	742150
2970.048	1.2	Target	2	742512
2971.496	1.2	NonTarget	1	742874
2972.944	1.2	NonTarget	1	743236
2974.392	1.2	NonTarget	1	743598
2975.84	1.2	NonTarget	1	743960
2977.288	1.2	NonTarget	1	744322
2978.736	1.2	NonTarget	1	744684
2980.184	1.2	NonTarget	1	745046
2981.632	1.2	NonTarget	1	745408
2983.08	1.2	NonTarget	1	745770
2984.528	1.2	NonTarget	1	746132
2985.976	1.2	NonTarget	1	746494
2987.424	1.2	Target	2	746856
2988.872	1.2	NonTarget	1	747218
2990.32	1.2	NonTarget	1	747580
2991.768	1.2	NonTarget	1	747942
2993.216	1.2	NonTarget	1	748304
2994.664	1.2	NonTarget	1	748666
2996.112	1.2	Target	2	749028
2997.56	1.2	NonTarget	1	749390
2999.008	1.2	NonTarget	1	749752
3000.456	1.2	NonTarget	1	750114
3001.904	1.2	NonTarget	1	750476
3003.352	1.2	NonTarget	1	750838
3004.8	1.2	NonTarget	1	751200
3006.248	1.2	Target	2	751562
3007.696	1.2	NonTarget	1	751924
3009.144	1.2	NonTarget	1	752286
3010.592	1.2	NonTarget	1	752648
3012.04	1.2	NonTarget	1	753010
3013.488	1.2	Target	2	753372
3014.936	1.2	NonTarget	1	753734
3016.384	1.2	NonTarget	1	754096
3017.832	1.2	NonTarget	1	754458
3019.28	1.2	NonTarget	1	754820
3020.728	1.2	NonTarget	1	755182
3022.176	1.2	NonTarget	1	755544
3023.624	1.2	NonTarget	1	755906
3025.072	1.2	NonTarget	1	756268
3026.52	1.2	NonTarget	1	756630
3027.968	1.2	NonTarget	1	756992
3029.416	1.2	NonTarget	1	757354
3030.864	1.2	NonTarget	1	757716
3032.312	1.2	NonTarget	1	758078
3033.76	1.2	Target	2	758440
3035.208	1.2	NonTarget	1	758802
3036.656	1.2	NonTarget	1	759164
3038.104	1.2	NonTarget	1	759526
3039.552	1.2	NonTarget	1	759888
3041.0	1.2	NonTarget	1	760250
3042.448	1.2	NonTarget	1	760612
3043.896	1.2	Target	2	760974
3045.344	1.2	NonTarget	1	761336
3046.792	1.2	NonTarget	1	761698
3048.24	1.2	NonTarget	1	762060
3049.688	1.2	NonTarget	1	762422
3051.136	1.2	NonTarget	1	762784
3052.584	1.2	NonTarget	1	763146
3054.032	1.2	Target	2	763508
3055.48	1.2	NonTarget	1	763870
3056.928	1.2	NonTarget	1	764232
3058.376	1.2	NonTarget	1	764594
3059.824	1.2	NonTarget	1	764956
3061.272	1.2	Target	2	765318
3062.72	1.2	NonTarget	1	765680
3064.168	1.2	NonTarget	1	766042
3065.616	1.2	NonTarget	1	766404
3067.064	1.2	NonTarget	1	766766
3068.512	1.2	NonTarget	1	767128
3069.96	1.2	NonTarget	1	767490
3071.408	1.2	Target	2	767852
3072.856	1.2	NonTarget	1	768214
3074.304	1.2	NonTarget	1	768576
3075.752	1.2	NonTarget	1	768938
3077.2	1.2	NonTarget	1	769300
3078.648	1.2	NonTarget	1	769662
3080.096	1.2	NonTarget	1	770024
3081.544	1.2	NonTarget	1	770386
3082.992	1.2	NonTarget	1	770748
3084.44	1.2	NonTarget	1	771110
3085.888	1.2	Target	2	771472
3087.336	1.2	NonTarget	1	771834
3088.784	1.2	NonTarget	1	772196
3090.232	1.2	NonTarget	1	772558
3091.68	1.2	NonTarget	1	772920
3093.128	1.2	NonTarget	1	773282
3094.576	1.2	NonTarget	1	773644
3096.024	1.2	NonTarget	1	774006
3097.472	1.2	NonTarget	1	774368
3098.92	1.2	NonTarget	1	774730
3100.368	1.2	NonTarget	1	775092
3101.816	1.2	Target	2	775454
3103.264	1.2	NonTarget	1	775816
3104.712	1.2	Target	2	776178
3106.16	1.2	NonTarget	1	776540
3107.608	1.2	NonTarget	1	776902
3109.056	1.2	NonTarget	1	777264
3110.504	1.2	NonTarget	1	777626
3111.952	1.2	NonTarget	1	777988
3113.4	1.2	NonTarget	1	778350
3114.848	1.2	NonTarget	1	778712
3116.296	1.2	NonTarget	1	779074
3117.744	1.2	NonTarget	1	779436
3119.192	1.2	Target	2	779798
3120.64	1.2	NonTarget	1	780160
3122.088	1.2	NonTarget	1	780522
3123.536	1.2	NonTarget	1	780884
3124.984	1.2	NonTarget	1	781246
3126.432	1.2	NonTarget	1	781608
3127.88	1.2	NonTarget	1	781970
3129.328	1.2	NonTarget	1	782332
3130.776	1.2	NonTarget	1	782694
3132.224	1.2	NonTarget	1	783056
3133.672	1.2	NonTarget	1	783418
3135.12	1.2	NonTarget	1	783780
3136.568	1.2	Target	2	784142
3138.016	1.2	NonTarget	1	784504
3139.464	1.2	NonTarget	1	784866
3140.912	1.2	NonTarget	1	785228
3142.36	1.2	Target	2	785590
3143.808	1.2	NonTarget	1	785952
3145.256	1.2	NonTarget	1	786314
3146.704	1.2	NonTarget	1	786676
3148.152	1.2	NonTarget	1	787038
3149.6	1.2	NonTarget	1	787400
3151.048	1.2	NonTarget	1	787762
3152.496	1.2	NonTarget	1	788124
3153.944	1.2	NonTarget	1	788486
3155.392	1.2	Target	2	788848
3156.84	1.2	NonTarget	1	789210
3158.288	1.2	NonTarget	1	789572
3159.736	1.2	NonTarget	1	789934
3161.184	1.2	NonTarget	1	790296
3162.632	1.2	NonTarget	1	790658
3164.08	1.2	Target	2	791020
3165.528	1.2	NonTarget	1	791382
3166.976	1.2	NonTarget	1	791744
3168.424	1.2	NonTarget	1	792106
3169.872	1.2	NonTarget	1	792468
3171.32	1.2	NonTarget	1	792830
3172.768	1.2	NonTarget	1	793192
3174.216	1.2	NonTarget	1	793554
3175.664	1.2	Target	2	793916
3177.112	1.2	NonTarget	1	794278
3178.56	1.2	NonTarget	1	794640
3180.008	1.2	NonTarget	1	795002
3181.456	1.2	NonTarget	1	795364
3182.904	1.2	NonTarget	1	795726
3184.352	1.2	NonTarget	1	796088
3185.8	1.2	NonTarget	1	796450
3187.248	1.2	NonTarget	1	796812
3188.696	1.2	NonTarget	1	797174
3190.144	1.2	NonTarget	1	797536
3191.592	1.2	NonTarget	1	797898
3193.04	1.2	NonTarget	1	798260
3194.488	1.2	Target	2	798622
3195.936	1.2	NonTarget	1	798984
3197.384	1.2	NonTarget	1	799346
3198.832	1.2	NonTarget	1	799708
3200.28	1.2	NonTarget	1	800070
3201.728	1.2	NonTarget	1	800432
3203.176	1.2	Target	2	800794
3204.624	1.2	NonTarget	1	801156
3206.072	1.2	NonTarget	1	801518
3207.52	1.2	NonTarget	1	801880
3208.968	1.2	Target	2	802242
3210.416	1.2	NonTarget	1	802604
3211.864	1.2	NonTarget	1	802966
3213.312	1.2	NonTarget	1	803328
3214.76	1.2	NonTarget	1	803690
3216.208	1.2	NonTarget	1	804052
3217.656	1.2	NonTarget	1	804414
3219.104	1.2	NonTarget	1	804776
3220.552	1.2	NonTarget	1	805138
3222.0	1.2	NonTarget	1	805500
3223.448	1.2	NonTarget	1	805862
3224.896	1.2	NonTarget	1	806224
3226.344	1.2	NonTarget	1	806586
3227.792	1.2	NonTarget	1	806948
3229.24	1.2	Target	2	807310
3230.688	1.2	NonTarget	1	807672
3232.136	1.2	NonTarget	1	808034
3233.584	1.2	Target	2	808396
3235.032	1.2	NonTarget	1	808758
3236.48	1.2	NonTarget	1	809120
3237.928	1.2	NonTarget	1	809482
3239.376	1.2	NonTarget	1	809844
3240.824	1.2	NonTarget	1	810206
3242.272	1.2	NonTarget	1	810568
3243.72	1.2	NonTarget	1	810930
3245.168	1.2	NonTarget	1	811292
3246.616	1.2	NonTarget	1	811654
3248.064	1.2	Target	2	812016
3249.512	1.2	NonTarget	1	812378
3250.96	1.2	NonTarget	1	812740
3252.408	1.2	NonTarget	1	813102
3253.856	1.2	NonTarget	1	813464
3255.304	1.2	NonTarget	1	813826
3256.752	1.2	NonTarget	1	814188
3258.2	1.2	NonTarget	1	814550
3259.648	1.2	Target	2	814912
3261.096	1.2	NonTarget	1	815274
3262.544	1.2	NonTarget	1	815636
3263.992	1.2	NonTarget	1	815998
3265.44	1.2	NonTarget	1	816360
3266.888	1.2	NonTarget	1	816722
3268.336	1.2	NonTarget	1	817084
3269.784	1.2	Target	2	817446
3271.232	1.2	NonTarget	1	817808
3272.68	1.2	NonTarget	1	818170
3274.128	1.2	NonTarget	1	818532
3275.576	1.2	NonTarget	1	818894
3277.024	1.2	NonTarget	1	819256
3278.472	1.2	NonTarget	1	819618
3279.92	1.2	NonTarget	1	819980
3281.368	1.2	NonTarget	1	820342
3282.816	1.2	NonTarget	1	820704
3284.264	1.2	NonTarget	1	821066
3285.712	1.2	NonTarget	1	821428
3287.16	1.2	Target	2	821790
3288.608	1.2	NonTarget	1	822152
3290.056	1.2	NonTarget	1	822514
3291.504	1.2	NonTarget	1	822876
3292.952	1.2	NonTarget	1	823238
3294.4	1.2	NonTarget	1	823600
3295.848	1.2	NonTarget	1	823962
3297.296	1.2	Target	2	824324
3298.744	1.2	NonTarget	1	824686
3300.192	1.2	NonTarget	1	825048
3301.64	1.2	NonTarget	1	825410
3303.088	1.2	NonTarget	1	825772
3304.536	1.2	Target	2	826134
3305.984	1.2	NonTarget	1	826496
3307.432	1.2	NonTarget	1	826858
3308.88	1.2	NonTarget	1	827220
3310.328	1.2	NonTarget	1	827582
3311.776	1.2	NonTarget	1	827944
3313.224	1.2	NonTarget	1	828306
3314.672	1.2	NonTarget	1	828668
3316.12	1.2	NonTarget	1	829030
3317.568	1.2	NonTarget	1	829392
3319.016	1.2	NonTarget	1	829754
3320.464	1.2	NonTarget	1	830116
3321.912	1.2	NonTarget	1	830478
3323.36	1.2	Target	2	830840
3324.808	1.2	NonTarget	1	831202
3326.256	1.2	NonTarget	1	831564
3327.704	1.2	NonTarget	1	831926
3329.152	1.2	NonTarget	1	832288
3330.6	1.2	NonTarget	1	832650
3332.048	1.2	NonTarget	1	833012
3333.496	1.2	NonTarget	1	833374
3334.944	1.2	Target	2	833736
3336.392	1.2	NonTarget	1	834098
3337.84	1.2	NonTarget	1	834460
3339.288	1.2	NonTarget	1	834822
3340.736	1.2	NonTarget	1	835184
3342.184	1.2	NonTarget	1	835546
3343.632	1.2	NonTarget	1	835908
3345.08	1.2	NonTarget	1	836270
3346.528	1.2	Target	2	836632
3347.976	1.2	NonTarget	1	836994
3349.424	1.2	NonTarget	1	837356
3350.872	1.2	NonTarget	1	837718
3352.32	1.2	NonTarget	1	838080
3353.768	1.2	NonTarget	1	838442
3355.216	1.2	Target	2	838804
3356.664	1.2	NonTarget	1	839166
3358.112	1.2	NonTarget	1	839528
3359.56	1.2	NonTarget	1	839890
3361.008	1.2	NonTarget	1	840252
3362.456	1.2	NonTarget	1	840614
3363.904	1.2	NonTarget	1	840976
3365.352	1.2	NonTarget	1	841338
3366.8	1.2	NonTarget	1	841700
3368.248	1.2	Target	2	842062
3369.696	1.2	NonTarget	1	842424
3371.144	1.2	NonTarget	1	842786
3372.592	1.2	NonTarget	1	843148
3374.04	1.2	NonTarget	1	843510
3375.488	1.2	NonTarget	1	843872
3376.936	1.2	NonTarget	1	844234
3378.384	1.2	NonTarget	1	844596
3379.832	1.2	NonTarget	1	844958
3381.28	1.2	Target	2	845320
3382.728	1.2	NonTarget	1	845682
3384.176	1.2	NonTarget	1	846044
3385.624	1.2	NonTarget	1	846406
3387.072	1.2	Target	2	846768
3388.52	1.2	NonTarget	1	847130
3389.968	1.2	NonTarget	1	847492
3391.416	1.2	NonTarget	1	847854
3392.864	1.2	NonTarget	1	848216
3394.312	1.2	NonTarget	1	848578
3395.76	1.2	NonTarget	1	848940
3397.208	1.2	NonTarget	1	849302
3398.656	1.2	NonTarget	1	849664
3400.104	1.2	Target	2	850026
3401.552	1.2	NonTarget	1	850388
3403.0	1.2	NonTarget	1	850750
3404.448	1.2	NonTarget	1	851112
3405.896	1.2	NonTarget	1	851474
3407.344	1.2	NonTarget	1	851836
3408.792	1.2	Target	2	852198
3410.24	1.2	NonTarget	1	852560
3411.688	1.2	NonTarget	1	852922
3413.136	1.2	NonTarget	1	853284
3414.584	1.2	NonTarget	1	853646
3416.032	1.2	NonTarget	1	854008
3417.48	1.2	NonTarget	1	854370
3418.928	1.2	NonTarget	1	854732
3420.376	1.2	NonTarget	1	855094
3421.824	1.2	NonTarget	1	855456
3423.272	1.2	Target	2	855818
3424.72	1.2	NonTarget	1	856180
3426.168	1.2	NonTarget	1	856542
3427.616	1.2	NonTarget	1	856904
3429.064	1.2	NonTarget	1	857266
3430.512	1.2	NonTarget	1	857628
3431.96	1.2	NonTarget	1	857990
3433.408	1.2	NonTarget	1	858352
3434.856	1.2	NonTarget	1	858714
3436.304	1.2	NonTarget	1	859076
3437.752	1.2	Target	2	859438
3439.2	1.2	NonTarget	1	859800
3440.648	1.2	NonTarget	1	860162
3442.096	1.2	NonTarget	1	860524
3443.544	1.2	NonTarget	1	860886
3444.992	1.2	NonTarget	1	861248
3446.44	1.2	NonTarget	1	861610
3447.888	1.2	NonTarget	1	861972
3449.336	1.2	Target	2	862334
3450.784	1.2	NonTarget	1	862696
3452.232	1.2	NonTarget	1	863058
3453.68	1.2	NonTarget	1	863420
3455.128	1.2	NonTarget	1	863782
3456.576	1.2	NonTarget	1	864144
3458.024	1.2	NonTarget	1	864506
3459.472	1.2	NonTarget	1	864868
3460.92	1.2	NonTarget	1	865230
3462.368	1.2	Target	2	865592
3463.816	1.2	NonTarget	1	865954
3465.264	1.2	NonTarget	1	866316
3466.712	1.2	Target	2	866678
3468.16	1.2	NonTarget	1	867040
3469.608	1.2	NonTarget	1	867402
3471.056	1.2	NonTarget	1	867764
3472.504	1.2	NonTarget	1	868126
3473.952	1.2	NonTarget	1	868488
3475.4	1.2	NonTarget	1	868850
3476.848	1.2	NonTarget	1	869212
3478.296	1.2	NonTarget	1	869574
3479.744	1.2	NonTarget	1	869936
3481.192	1.2	NonTarget	1	870298
3482.64	1.2	Target	2	870660
3484.088	1.2	NonTarget	1	871022
3485.536	1.2	NonTarget	1	871384
3486.984	1.2	NonTarget	1	871746
3488.432	1.2	NonTarget	1	872108
3489.88	1.2	NonTarget	1	872470
3491.328	1.2	NonTarget	1	872832
3492.776	1.2	NonTarget	1	873194
3494.224	1.2	NonTarget	1	873556
3495.672	1.2	Target	2	873918
3497.12	1.2	NonTarget	1	874280
3498.568	1.2	NonTarget	1	874642
3500.016	1.2	NonTarget	1	875004
3501.464	1.2	NonTarget	1	875366
3502.912	1.2	NonTarget	1	875728
3504.36	1.2	NonTarget	1	876090
3505.808	1.2	NonTarget	1	876452
3507.256	1.2	Target	2	876814
3508.704	1.2	NonTarget	1	877176
3510.152	1.2	NonTarget	1	877538
3511.6	1.2	NonTarget	1	877900
3513.048	1.2	Target	2	878262
3514.496	1.2	NonTarget	1	878624
3515.944	1.2	NonTarget	1	878986
3517.392	1.2	NonTarget	1	879348
3518.84	1.2	NonTarget	1	879710
3520.288	1.2	NonTarget	1	880072
3521.736	1.2	NonTarget	1	880434
3523.184	1.2	Target	2	880796
3524.632	1.2	NonTarget	1	881158
3526.08	1.2	NonTarget	1	881520
3527.528	1.2	NonTarget	1	881882
3528.976	1.2	NonTarget	1	882244
3530.424	1.2	NonTarget	1	882606
3531.872	1.2	NonTarget	1	882968
3533.32	1.2	NonTarget	1	883330
3534.768	1.2	NonTarget	1	883692
3536.216	1.2	NonTarget	1	884054
3537.664	1.2	NonTarget	1	884416
3539.112	1.2	NonTarget	1	884778
3540.56	1.2	Target	2	885140
3542.008	1.2	NonTarget	1	885502
3543.456	1.2	NonTarget	1	885864
3544.904	1.2	NonTarget	1	886226
3546.352	1.2	NonTarget	1	886588
3547.8	1.2	NonTarget	1	886950
3549.248	1.2	NonTarget	1	887312
3550.696	1.2	Target	2	887674
3552.144	1.2	NonTarget	1	888036
3553.592	1.2	NonTarget	1	888398
3555.04	1.2	NonTarget	1	888760
3556.488	1.2	NonTarget	1	889122
3557.936	1.2	NonTarget	1	889484
3559.384	1.2	NonTarget	1	889846
3560.832	1.2	NonTarget	1	890208
3562.28	1.2	NonTarget	1	890570
3563.728	1.2	NonTarget	1	890932
3565.176	1.2	Target	2	891294
3566.624	1.2	NonTarget	1	891656
3568.072	1.2	NonTarget	1	892018
3569.52	1.2	NonTarget	1	892380
3570.968	1.2	NonTarget	1	892742
3572.416	1.2	NonTarget	1	893104
3573.864	1.2	NonTarget	1	893466
3575.312	1.2	NonTarget	1	893828
3576.76	1.2	Target	2	894190
3578.208	1.2	NonTarget	1	894552
3579.656	1.2	NonTarget	1	894914
3581.104	1.2	Target	2	895276
3582.552	1.2	NonTarget	1	895638
3584.0	1.2	NonTarget	1	896000
3585.448	1.2	NonTarget	1	896362
3586.896	1.2	NonTarget	1	896724
3588.344	1.2	NonTarget	1	897086
3589.792	1.2	NonTarget	1	897448
3591.24	1.2	NonTarget	1	897810
3592.688	1.2	NonTarget	1	898172
3594.136	1.2	NonTarget	1	898534
3595.584	1.2	Target	2	898896
3597.032	1.2	NonTarget	1	899258
3598.48	1.2	NonTarget	1	899620
3599.928	1.2	NonTarget	1	899982
3601.376	1.2	NonTarget	1	900344
3602.824	1.2	NonTarget	1	900706
3604.272	1.2	NonTarget	1	901068
3605.72	1.2	NonTarget	1	901430
3607.168	1.2	NonTarget	1	901792
3608.616	1.2	Target	2	902154
3610.064	1.2	NonTarget	1	902516
3611.512	1.2	NonTarget	1	902878
3612.96	1.2	NonTarget	1	903240
3614.408	1.2	NonTarget	1	903602
3615.856	1.2	NonTarget	1	903964
3617.304	1.2	NonTarget	1	904326
3618.752	1.2	NonTarget	1	904688
3620.2	1.2	Target	2	905050
3621.648	1.2	NonTarget	1	905412
3623.096	1.2	NonTarget	1	905774
3624.544	1.2	NonTarget	1	906136
3625.992	1.2	NonTarget	1	906498
3627.44	1.2	NonTarget	1	906860
3628.888	1.2	NonTarget	1	907222
3630.336	1.2	NonTarget	1	907584
3631.784	1.2	Target	2	907946
3633.232	1.2	NonTarget	1	908308
3634.68	1.2	NonTarget	1	908670
3636.128	1.2	NonTarget	1	909032
3637.576	1.2	NonTarget	1	909394
3639.024	1.2	NonTarget	1	909756
3640.472	1.2	NonTarget	1	910118
3641.92	1.2	Target	2	910480
3643.368	1.2	NonTarget	1	910842
3644.816	1.2	NonTarget	1	911204
3646.264	1.2	NonTarget	1	911566
3647.712	1.2	NonTarget	1	911928
3649.16	1.2	NonTarget	1	912290
3650.608	1.2	NonTarget	1	912652
3652.056	1.2	Target	2	913014
3653.504	1.2	NonTarget	1	913376
3654.952	1.2	NonTarget	1	913738
3656.4	1.2	NonTarget	1	914100
3657.848	1.2	NonTarget	1	914462
3659.296	1.2	NonTarget	1	914824
3660.744	1.2	NonTarget	1	915186
3662.192	1.2	NonTarget	1	915548
3663.64	1.2	NonTarget	1	915910
3665.088	1.2	NonTarget	1	916272
3666.536	1.2	NonTarget	1	916634
3667.984	1.2	Target	2	916996
3669.432	1.2	NonTarget	1	917358
3670.88	1.2	NonTarget	1	917720
3672.328	1.2	NonTarget	1	918082
3673.776	1.2	NonTarget	1	918444
3675.224	1.2	NonTarget	1	918806
3676.672	1.2	NonTarget	1	919168
3678.12	1.2	NonTarget	1	919530
3679.568	1.2	Target	2	919892
3681.016	1.2	NonTarget	1	920254
3682.464	1.2	NonTarget	1	920616
3683.912	1.2	NonTarget	1	920978
3685.36	1.2	NonTarget	1	921340
3686.808	1.2	Target	2	921702
3688.256	1.2	NonTarget	1	922064
3689.704	1.2	NonTarget	1	922426
3691.152	1.2	NonTarget	1	922788
3692.6	1.2	NonTarget	1	923150
3694.048	1.2	NonTarget	1	923512
3695.496	1.2	NonTarget	1	923874
3696.944	1.2	NonTarget	1	924236
3698.392	1.2	Target	2	924598
3699.84	1.2	NonTarget	1	924960
3701.288	1.2	NonTarget	1	925322
3702.736	1.2	NonTarget	1	925684
3704.184	1.2	NonTarget	1	926046
3705.632	1.2	NonTarget	1	926408
3707.08	1.2	Target	2	926770
3708.528	1.2	NonTarget	1	927132
3709.976	1.2	NonTarget	1	927494
3711.424	1.2	NonTarget	1	927856
3712.872	1.2	NonTarget	1	928218
3714.32	1.2	NonTarget	1	928580
3715.768	1.2	NonTarget	1	928942
3717.216	1.2	NonTarget	1	929304
3718.664	1.2	NonTarget	1	929666
3720.112	1.2	NonTarget	1	930028
3721.56	1.2	NonTarget	1	930390
3723.008	1.2	NonTarget	1	930752
3724.456	1.2	NonTarget	1	931114
3725.904	1.2	Target	2	931476
3727.352	1.2	NonTarget	1	931838
3728.8	1.2	NonTarget	1	932200
3730.248	1.2	NonTarget	1	932562
3731.696	1.2	NonTarget	1	932924
3733.144	1.2	NonTarget	1	933286
3734.592	1.2	NonTarget	1	933648
3736.04	1.2	NonTarget	1	934010
3737.488	1.2	NonTarget	1	934372
3738.936	1.2	NonTarget	1	934734
3740.384	1.2	Target	2	935096
3741.832	1.2	NonTarget	1	935458
3743.28	1.2	Target	2	935820
3744.728	1.2	NonTarget	1	936182
3746.176	1.2	NonTarget	1	936544
3747.624	1.2	NonTarget	1	936906
3749.072	1.2	NonTarget	1	937268
3750.52	1.2	NonTarget	1	937630
3751.968	1.2	NonTarget	1	937992
3753.416	1.2	NonTarget	1	938354
3754.864	1.2	Target	2	938716
3756.312	1.2	NonTarget	1	939078
3757.76	1.2	NonTarget	1	939440
3759.208	1.2	NonTarget	1	939802
3760.656	1.2	NonTarget	1	940164
3762.104	1.2	NonTarget	1	940526
3763.552	1.2	NonTarget	1	940888
3765.0	1.2	NonTarget	1	941250
3766.448	1.2	NonTarget	1	941612
3767.896	1.2	NonTarget	1	941974
3769.344	1.2	Target	2	942336
3770.792	1.2	NonTarget	1	942698
3772.24	1.2	NonTarget	1	943060
3773.688	1.2	NonTarget	1	943422
3775.136	1.2	NonTarget	1	943784
3776.584	1.2	NonTarget	1	944146
3778.032	1.2	NonTarget	1	944508
3779.48	1.2	NonTarget	1	944870
3780.928	1.2	NonTarget	1	945232
3782.376	1.2	NonTarget	1	945594
3783.824	1.2	Target	2	945956
3785.272	1.2	NonTarget	1	946318
3786.72	1.2	NonTarget	1	946680
3788.168	1.2	NonTarget	1	947042
3789.616	1.2	NonTarget	1	947404
3791.064	1.2	NonTarget	1	947766
3792.512	1.2	NonTarget	1	948128
3793.96	1.2	NonTarget	1	948490
3795.408	1.2	NonTarget	1	948852
3796.856	1.2	Target	2	949214
3798.304	1.2	NonTarget	1	949576
3799.752	1.2	NonTarget	1	949938
3801.2	1.2	NonTarget	1	950300
3802.648	1.2	NonTarget	1	950662
3804.096	1.2	NonTarget	1	951024
3805.544	1.2	Target	2	951386
3806.992	1.2	NonTarget	1	951748
3808.44	1.2	NonTarget	1	952110
3809.888	1.2	NonTarget	1	952472
3811.336	1.2	NonTarget	1	952834
3812.784	1.2	NonTarget	1	953196
3814.232	1.2	Target	2	953558
3815.68	1.2	NonTarget	1	953920
3817.128	1.2	NonTarget	1	954282
3818.576	1.2	NonTarget	1	954644
3820.024	1.2	NonTarget	1	955006
3821.472	1.2	NonTarget	1	955368
3822.92	1.2	NonTarget	1	955730
3824.368	1.2	NonTarget	1	956092
3825.816	1.2	NonTarget	1	956454
3827.264	1.2	NonTarget	1	956816
3828.712	1.2	Target	2	957178
3830.16	1.2	NonTarget	1	957540
3831.608	1.2	NonTarget	1	957902
3833.056	1.2	NonTarget	1	958264
3834.504	1.2	NonTarget	1	958626
3835.952	1.2	NonTarget	1	958988
3837.4	1.2	Target	2	959350
3838.848	1.2	NonTarget	1	959712
3840.296	1.2	NonTarget	1	960074
3841.744	1.2	NonTarget	1	960436
3843.192	1.2	NonTarget	1	960798
3844.64	1.2	NonTarget	1	961160
3846.088	1.2	NonTarget	1	961522
3847.536	1.2	NonTarget	1	961884
3848.984	1.2	NonTarget	1	962246
3850.432	1.2	NonTarget	1	962608
3851.88	1.2	NonTarget	1	962970
3853.328	1.2	NonTarget	1	963332
3854.776	1.2	NonTarget	1	963694
3856.224	1.2	Target	2	964056
3857.672	1.2	NonTarget	1	964418
3859.12	1.2	NonTarget	1	964780
3860.568	1.2	NonTarget	1	965142
3862.016	1.2	NonTarget	1	965504
3863.464	1.2	NonTarget	1	965866
3864.912	1.2	NonTarget	1	966228
3866.36	1.2	Target	2	966590
3867.808	1.2	NonTarget	1	966952
3869.256	1.2	NonTarget	1	967314
3870.704	1.2	NonTarget	1	967676
3872.152	1.2	NonTarget	1	968038
3873.6	1.2	NonTarget	1	968400
3875.048	1.2	NonTarget	1	968762
3876.496	1.2	NonTarget	1	969124
3877.944	1.2	NonTarget	1	969486
3879.392	1.2	Target	2	969848
3880.84	1.2	NonTarget	1	970210
3882.288	1.2	NonTarget	1	970572
3883.736	1.2	NonTarget	1	970934
3885.184	1.2	NonTarget	1	971296
3886.632	1.2	Target	2	971658
3888.08	1.2	NonTarget	1	972020
3889.528	1.2	NonTarget	1	972382
3890.976	1.2	NonTarget	1	972744
3892.424	1.2	NonTarget	1	973106
3893.872	1.2	NonTarget	1	973468
3895.32	1.2	NonTarget	1	973830
3896.768	1.2	NonTarget	1	974192
3898.216	1.2	Target	2	974554
3899.664	1.2	NonTarget	1	974916
3901.112	1.2	NonTarget	1	975278
3902.56	1.2	NonTarget	1	975640
3904.008	1.2	NonTarget	1	976002
3905.456	1.2	Target	2	976364
3906.904	1.2	NonTarget	1	976726
3908.352	1.2	NonTarget	1	977088
3909.8	1.2	NonTarget	1	977450
3911.248	1.2	NonTarget	1	977812
3912.696	1.2	NonTarget	1	978174
3914.144	1.2	NonTarget	1	978536
3915.592	1.2	NonTarget	1	978898
3917.04	1.2	NonTarget	1	979260
3918.488	1.2	Target	2	979622
3919.936	1.2	NonTarget	1	979984
3921.384	1.2	NonTarget	1	980346
3922.832	1.2	NonTarget	1	980708
3924.28	1.2	NonTarget	1	981070
3925.728	1.2	NonTarget	1	981432
3927.176	1.2	Target	2	981794
3928.624	1.2	NonTarget	1	982156
3930.072	1.2	NonTarget	1	982518
3931.52	1.2	NonTarget	1	982880
3932.968	1.2	NonTarget	1	983242
3934.416	1.2	NonTarget	1	983604
3935.864	1.2	NonTarget	1	983966
3937.312	1.2	NonTarget	1	984328
3938.76	1.2	NonTarget	1	984690
3940.208	1.2	NonTarget	1	985052
3941.656	1.2	NonTarget	1	985414
3943.104	1.2	NonTarget	1	985776
3944.552	1.2	NonTarget	1	986138
3946.0	1.2	Target	2	986500
3947.448	1.2	NonTarget	1	986862
3948.896	1.2	NonTarget	1	987224
3950.344	1.2	NonTarget	1	987586
3951.792	1.2	Target	2	987948
3953.24	1.2	NonTarget	1	988310
3954.688	1.2	NonTarget	1	988672
3956.136	1.2	NonTarget	1	989034
3957.584	1.2	NonTarget	1	989396
3959.032	1.2	NonTarget	1	989758
3960.48	1.2	NonTarget	1	990120
3961.928	1.2	NonTarget	1	990482
3963.376	1.2	NonTarget	1	990844
3964.824	1.2	NonTarget	1	991206
3966.272	1.2	Target	2	991568
3967.72	1.2	NonTarget	1	991930
3969.168	1.2	NonTarget	1	992292
3970.616	1.2	NonTarget	1	992654
3972.064	1.2	NonTarget	1	993016
3973.512	1.2	NonTarget	1	993378
3974.96	1.2	NonTarget	1	993740
3976.408	1.2	NonTarget	1	994102
3977.856	1.2	NonTarget	1	994464
3979.304	1.2	NonTarget	1	994826
3980.752	1.2	Target	2	995188
3982.2	1.2	NonTarget	1	995550
3983.648	1.2	NonTarget	1	995912
3985.096	1.2	NonTarget	1	996274
3986.544	1.2	NonTarget	1	996636
3987.992	1.2	Target	2	996998
3989.44	1.2	NonTarget	1	997360
3990.888	1.2	NonTarget	1	997722
3992.336	1.2	NonTarget	1	998084
3993.784	1.2	NonTarget	1	998446
3995.232	1.2	NonTarget	1	998808
3996.68	1.2	NonTarget	1	999170
3998.128	1.2	NonTarget	1	999532
3999.576	1.2	NonTarget	1	999894
4001.024	1.2	NonTarget	1	1000256
4002.472	1.2	Target	2	1000618
4003.92	1.2	NonTarget	1	1000980
4005.368	1.2	NonTarget	1	1001342
4006.816	1.2	NonTarget	1	1001704
4008.264	1.2	NonTarget	1	1002066
4009.712	1.2	Target	2	1002428
4011.16	1.2	NonTarget	1	1002790
4012.608	1.2	NonTarget	1	1003152
4014.056	1.2	NonTarget	1	1003514
4015.504	1.2	NonTarget	1	1003876
4016.952	1.2	NonTarget	1	1004238
4018.4	1.2	NonTarget	1	1004600
4019.848	1.2	NonTarget	1	1004962
4021.296	1.2	NonTarget	1	1005324
4022.744	1.2	NonTarget	1	1005686
4024.192	1.2	NonTarget	1	1006048
4025.64	1.2	NonTarget	1	1006410
4027.088	1.2	Target	2	1006772
4028.536	1.2	NonTarget	1	1007134
4029.984	1.2	NonTarget	1	1007496
4031.432	1.2	NonTarget	1	1007858
4032.88	1.2	Target	2	1008220
4034.328	1.2	NonTarget	1	1008582
4035.776	1.2	NonTarget	1	1008944
4037.224	1.2	NonTarget	1	1009306
4038.672	1.2	NonTarget	1	1009668
4040.12	1.2	NonTarget	1	1010030
4041.568	1.2	NonTarget	1	1010392
4043.016	1.2	NonTarget	1	1010754
4044.464	1.2	NonTarget	1	1011116
4045.912	1.2	NonTarget	1	1011478
4047.36	1.2	Target	2	1011840
4048.808	1.2	NonTarget	1	1012202
4050.256	1.2	NonTarget	1	1012564
4051.704	1.2	NonTarget	1	1012926
4053.152	1.2	NonTarget	1	1013288
